feature,family,forward_horizon,pearson_ic,spearman_ic,abs_pearson_ic,abs_spearman_ic
PB1_T1,PB1,10,-0.013251,-0.017438,0.013251,0.017438
PB1_T1,PB1,30,-0.001663,-0.014579,0.001663,0.014579
PB1_T1,PB1,60,0.000174,-0.008578,0.000174,0.008578
PB1_T1,PB1,120,-0.003237,-0.007814,0.003237,0.007814
PB1_T1,PB1,300,0.001761,-0.003731,0.001761,0.003731
PB1_T2,PB1,10,-0.007574,-0.016706,0.007574,0.016706
PB1_T2,PB1,30,0.001903,-0.017326,0.001903,0.017326
PB1_T2,PB1,60,0.003663,-0.009651,0.003663,0.009651
PB1_T2,PB1,120,-0.001485,-0.008497,0.001485,0.008497
PB1_T2,PB1,300,0.004039,-0.004243,0.004039,0.004243
PB1_T3,PB1,10,0.002571,-0.020469,0.002571,0.020469
PB1_T3,PB1,30,0.013175,-0.018722,0.013175,0.018722
PB1_T3,PB1,60,0.005017,-0.015103,0.005017,0.015103
PB1_T3,PB1,120,-6.8e-05,-0.013985,6.8e-05,0.013985
PB1_T3,PB1,300,0.006537,-0.007992,0.006537,0.007992
PB1_T4,PB1,10,0.004715,-0.012196,0.004715,0.012196
PB1_T4,PB1,30,0.005304,-0.013492,0.005304,0.013492
PB1_T4,PB1,60,-0.005059,-0.015988,0.005059,0.015988
PB1_T4,PB1,120,-0.005874,-0.012866,0.005874,0.012866
PB1_T4,PB1,300,0.006307,-0.006843,0.006307,0.006843
PB1_T5,PB1,10,-0.001789,-0.013169,0.001789,0.013169
PB1_T5,PB1,30,-0.00185,-0.014764,0.00185,0.014764
PB1_T5,PB1,60,-0.006295,-0.013795,0.006295,0.013795
PB1_T5,PB1,120,-0.004373,-0.009947,0.004373,0.009947
PB1_T5,PB1,300,0.008089,-0.005716,0.008089,0.005716
PB1_T6,PB1,10,-0.000118,-0.008996,0.000118,0.008996
PB1_T6,PB1,30,0.001084,-0.010102,0.001084,0.010102
PB1_T6,PB1,60,-0.004898,-0.011408,0.004898,0.011408
PB1_T6,PB1,120,0.001841,-0.007494,0.001841,0.007494
PB1_T6,PB1,300,0.010441,-0.004654,0.010441,0.004654
PB1_T7,PB1,10,0.003608,-0.003682,0.003608,0.003682
PB1_T7,PB1,30,0.005464,-0.003969,0.005464,0.003969
PB1_T7,PB1,60,0.004723,-0.006422,0.004723,0.006422
PB1_T7,PB1,120,0.009492,-0.003179,0.009492,0.003179
PB1_T7,PB1,300,-0.013271,-0.004604,0.013271,0.004604
PB1_T8,PB1,10,-0.002754,-0.002938,0.002754,0.002938
PB1_T8,PB1,30,-0.003616,-0.00111,0.003616,0.00111
PB1_T8,PB1,60,-0.008294,-0.002388,0.008294,0.002388
PB1_T8,PB1,120,-0.013661,-0.002803,0.013661,0.002803
PB1_T8,PB1,300,-0.028482,0.006105,0.028482,0.006105
PB1_T9,PB1,10,-0.004705,-0.000619,0.004705,0.000619
PB1_T9,PB1,30,-0.008186,0.001344,0.008186,0.001344
PB1_T9,PB1,60,-0.014732,-0.000428,0.014732,0.000428
PB1_T9,PB1,120,-0.022768,-0.002052,0.022768,0.002052
PB1_T9,PB1,300,-0.037282,0.00022,0.037282,0.00022
PB1_T10,PB1,10,-0.003219,-0.002211,0.003219,0.002211
PB1_T10,PB1,30,-0.004303,-0.001329,0.004303,0.001329
PB1_T10,PB1,60,-0.00703,-0.002853,0.00703,0.002853
PB1_T10,PB1,120,-0.009507,0.001211,0.009507,0.001211
PB1_T10,PB1,300,-0.019303,0.005767,0.019303,0.005767
PB1_T11,PB1,10,-0.004843,-0.000769,0.004843,0.000769
PB1_T11,PB1,30,-0.008482,-0.000516,0.008482,0.000516
PB1_T11,PB1,60,-0.013617,-0.000699,0.013617,0.000699
PB1_T11,PB1,120,-0.018706,0.004741,0.018706,0.004741
PB1_T11,PB1,300,-0.022197,0.010266,0.022197,0.010266
PB1_T12,PB1,10,-0.000127,0.00014,0.000127,0.00014
PB1_T12,PB1,30,0.000307,0.001681,0.000307,0.001681
PB1_T12,PB1,60,-0.000149,0.002067,0.000149,0.002067
PB1_T12,PB1,120,0.000512,-0.000399,0.000512,0.000399
PB1_T12,PB1,300,-0.003019,-0.008878,0.003019,0.008878
PB2_T1,PB2,10,-0.011106,-0.009857,0.011106,0.009857
PB2_T1,PB2,30,-0.004296,-0.00494,0.004296,0.00494
PB2_T1,PB2,60,-0.00334,-0.004161,0.00334,0.004161
PB2_T1,PB2,120,-0.003172,-0.003837,0.003172,0.003837
PB2_T1,PB2,300,-0.001494,-0.001697,0.001494,0.001697
PB2_T2,PB2,10,-0.004748,-0.005496,0.004748,0.005496
PB2_T2,PB2,30,-0.006216,-0.00736,0.006216,0.00736
PB2_T2,PB2,60,0.000873,-0.002968,0.000873,0.002968
PB2_T2,PB2,120,-0.002451,-0.002349,0.002451,0.002349
PB2_T2,PB2,300,0.000106,-0.000673,0.000106,0.000673
PB2_T3,PB2,10,-0.001468,-0.012968,0.001468,0.012968
PB2_T3,PB2,30,0.012114,-0.00999,0.012114,0.00999
PB2_T3,PB2,60,0.011154,-0.001757,0.011154,0.001757
PB2_T3,PB2,120,0.005816,-0.002505,0.005816,0.002505
PB2_T3,PB2,300,0.002201,-0.00338,0.002201,0.00338
PB2_T4,PB2,10,0.005499,-0.007179,0.005499,0.007179
PB2_T4,PB2,30,0.005254,-0.007482,0.005254,0.007482
PB2_T4,PB2,60,-0.002358,-0.010984,0.002358,0.010984
PB2_T4,PB2,120,-0.008922,-0.008516,0.008922,0.008516
PB2_T4,PB2,300,-0.001614,-0.005717,0.001614,0.005717
PB2_T5,PB2,10,-0.00225,-0.011154,0.00225,0.011154
PB2_T5,PB2,30,-0.003759,-0.014664,0.003759,0.014664
PB2_T5,PB2,60,-0.008474,-0.010416,0.008474,0.010416
PB2_T5,PB2,120,-0.017517,-0.011906,0.017517,0.011906
PB2_T5,PB2,300,0.004844,-0.005929,0.004844,0.005929
PB2_T6,PB2,10,-0.003677,-0.007613,0.003677,0.007613
PB2_T6,PB2,30,-0.006242,-0.010749,0.006242,0.010749
PB2_T6,PB2,60,-0.015284,-0.011806,0.015284,0.011806
PB2_T6,PB2,120,-0.012422,-0.008675,0.012422,0.008675
PB2_T6,PB2,300,0.014957,-0.004863,0.014957,0.004863
PB2_T7,PB2,10,0.006755,-0.00338,0.006755,0.00338
PB2_T7,PB2,30,0.009897,-0.005727,0.009897,0.005727
PB2_T7,PB2,60,0.013695,-0.006875,0.013695,0.006875
PB2_T7,PB2,120,0.025523,-0.002837,0.025523,0.002837
PB2_T7,PB2,300,0.010905,-0.004848,0.010905,0.004848
PB2_T8,PB2,10,0.001915,-0.005631,0.001915,0.005631
PB2_T8,PB2,30,0.004372,-0.007049,0.004372,0.007049
PB2_T8,PB2,60,0.0022,-0.011118,0.0022,0.011118
PB2_T8,PB2,120,0.000787,-0.008702,0.000787,0.008702
PB2_T8,PB2,300,-0.011881,0.008653,0.011881,0.008653
PB2_T9,PB2,10,-0.001973,-0.001517,0.001973,0.001517
PB2_T9,PB2,30,-0.003308,0.000219,0.003308,0.000219
PB2_T9,PB2,60,-0.007531,-0.00307,0.007531,0.00307
PB2_T9,PB2,120,-0.013831,-0.009608,0.013831,0.009608
PB2_T9,PB2,300,-0.030385,-0.007779,0.030385,0.007779
PB2_T10,PB2,10,-0.005725,-0.005577,0.005725,0.005577
PB2_T10,PB2,30,-0.008594,-0.006137,0.008594,0.006137
PB2_T10,PB2,60,-0.012354,-0.008219,0.012354,0.008219
PB2_T10,PB2,120,-0.017631,-0.008199,0.017631,0.008199
PB2_T10,PB2,300,-0.029234,-0.004283,0.029234,0.004283
PB2_T11,PB2,10,-0.007088,-0.002312,0.007088,0.002312
PB2_T11,PB2,30,-0.012905,-0.003506,0.012905,0.003506
PB2_T11,PB2,60,-0.019831,-0.004221,0.019831,0.004221
PB2_T11,PB2,120,-0.027901,-5.4e-05,0.027901,5.4e-05
PB2_T11,PB2,300,-0.029112,0.014484,0.029112,0.014484
PB2_T12,PB2,10,0.00051,0.005088,0.00051,0.005088
PB2_T12,PB2,30,0.000721,0.009206,0.000721,0.009206
PB2_T12,PB2,60,0.000897,0.014762,0.000897,0.014762
PB2_T12,PB2,120,0.001289,0.017599,0.001289,0.017599
PB2_T12,PB2,300,-0.003343,0.019861,0.003343,0.019861
PB3_T1,PB3,10,-0.007127,-0.02146,0.007127,0.02146
PB3_T1,PB3,30,-0.004487,-0.018035,0.004487,0.018035
PB3_T1,PB3,60,-0.001209,-0.011189,0.001209,0.011189
PB3_T1,PB3,120,-0.000302,-0.008882,0.000302,0.008882
PB3_T1,PB3,300,0.001953,-0.005075,0.001953,0.005075
PB3_T2,PB3,10,-0.00674,-0.023452,0.00674,0.023452
PB3_T2,PB3,30,-0.0035,-0.020678,0.0035,0.020678
PB3_T2,PB3,60,-0.00056,-0.013565,0.00056,0.013565
PB3_T2,PB3,120,0.001174,-0.010499,0.001174,0.010499
PB3_T2,PB3,300,0.003727,-0.005823,0.003727,0.005823
PB3_T3,PB3,10,-0.003951,-0.021917,0.003951,0.021917
PB3_T3,PB3,30,-9.3e-05,-0.019873,9.3e-05,0.019873
PB3_T3,PB3,60,0.001145,-0.016069,0.001145,0.016069
PB3_T3,PB3,120,0.004478,-0.012176,0.004478,0.012176
PB3_T3,PB3,300,0.007747,-0.006423,0.007747,0.006423
PB3_T4,PB3,10,-0.001836,-0.017835,0.001836,0.017835
PB3_T4,PB3,30,0.001931,-0.016361,0.001931,0.016361
PB3_T4,PB3,60,0.00348,-0.014407,0.00348,0.014407
PB3_T4,PB3,120,0.007751,-0.009813,0.007751,0.009813
PB3_T4,PB3,300,0.010759,-0.005026,0.010759,0.005026
PB3_T5,PB3,10,-0.000807,-0.014923,0.000807,0.014923
PB3_T5,PB3,30,0.002996,-0.013596,0.002996,0.013596
PB3_T5,PB3,60,0.004922,-0.012338,0.004922,0.012338
PB3_T5,PB3,120,0.009543,-0.007695,0.009543,0.007695
PB3_T5,PB3,300,0.011743,-0.003867,0.011743,0.003867
PB3_T6,PB3,10,-0.000233,-0.01284,0.000233,0.01284
PB3_T6,PB3,30,0.003578,-0.011509,0.003578,0.011509
PB3_T6,PB3,60,0.005736,-0.010654,0.005736,0.010654
PB3_T6,PB3,120,0.010392,-0.006236,0.010392,0.006236
PB3_T6,PB3,300,0.011903,-0.002856,0.011903,0.002856
PB3_T7,PB3,10,0.000765,-0.007141,0.000765,0.007141
PB3_T7,PB3,30,0.004174,-0.005264,0.004174,0.005264
PB3_T7,PB3,60,0.006438,-0.005248,0.006438,0.005248
PB3_T7,PB3,120,0.010182,-0.001547,0.010182,0.001547
PB3_T7,PB3,300,0.010139,0.003168,0.010139,0.003168
PB3_T8,PB3,10,0.001291,-0.004233,0.001291,0.004233
PB3_T8,PB3,30,0.004318,-0.00192,0.004318,0.00192
PB3_T8,PB3,60,0.006446,-0.001735,0.006446,0.001735
PB3_T8,PB3,120,0.00971,0.001711,0.00971,0.001711
PB3_T8,PB3,300,0.010641,0.007362,0.010641,0.007362
PB3_T9,PB3,10,0.00179,-0.003197,0.00179,0.003197
PB3_T9,PB3,30,0.004807,-0.000955,0.004807,0.000955
PB3_T9,PB3,60,0.00702,-0.000679,0.00702,0.000679
PB3_T9,PB3,120,0.010386,0.002276,0.010386,0.002276
PB3_T9,PB3,300,0.012556,0.007467,0.012556,0.007467
PB3_T10,PB3,10,0.002354,-0.002776,0.002354,0.002776
PB3_T10,PB3,30,0.005433,-0.001046,0.005433,0.001046
PB3_T10,PB3,60,0.007761,-0.00098,0.007761,0.00098
PB3_T10,PB3,120,0.011356,0.000744,0.011356,0.000744
PB3_T10,PB3,300,0.014885,0.004051,0.014885,0.004051
PB3_T11,PB3,10,0.002611,-0.002321,0.002611,0.002321
PB3_T11,PB3,30,0.005764,-0.00063,0.005764,0.00063
PB3_T11,PB3,60,0.008107,-0.000677,0.008107,0.000677
PB3_T11,PB3,120,0.011854,0.000441,0.011854,0.000441
PB3_T11,PB3,300,0.016041,0.002943,0.016041,0.002943
PB3_T12,PB3,10,0.002,0.004272,0.002,0.004272
PB3_T12,PB3,30,0.003615,0.006161,0.003615,0.006161
PB3_T12,PB3,60,0.004257,0.004794,0.004257,0.004794
PB3_T12,PB3,120,0.006136,0.003935,0.006136,0.003935
PB3_T12,PB3,300,0.009629,0.008602,0.009629,0.008602
PB4_T1,PB4,10,-0.013251,-0.017438,0.013251,0.017438
PB4_T1,PB4,30,-0.001663,-0.014579,0.001663,0.014579
PB4_T1,PB4,60,0.000174,-0.008578,0.000174,0.008578
PB4_T1,PB4,120,-0.003237,-0.007814,0.003237,0.007814
PB4_T1,PB4,300,0.001761,-0.003731,0.001761,0.003731
PB4_T2,PB4,10,-0.007574,-0.016706,0.007574,0.016706
PB4_T2,PB4,30,0.001903,-0.017326,0.001903,0.017326
PB4_T2,PB4,60,0.003663,-0.009651,0.003663,0.009651
PB4_T2,PB4,120,-0.001485,-0.008497,0.001485,0.008497
PB4_T2,PB4,300,0.004039,-0.004243,0.004039,0.004243
PB4_T3,PB4,10,0.002571,-0.020469,0.002571,0.020469
PB4_T3,PB4,30,0.013175,-0.018722,0.013175,0.018722
PB4_T3,PB4,60,0.005017,-0.015103,0.005017,0.015103
PB4_T3,PB4,120,-6.8e-05,-0.013985,6.8e-05,0.013985
PB4_T3,PB4,300,0.006537,-0.007992,0.006537,0.007992
PB4_T4,PB4,10,0.004715,-0.012196,0.004715,0.012196
PB4_T4,PB4,30,0.005304,-0.013492,0.005304,0.013492
PB4_T4,PB4,60,-0.005059,-0.015988,0.005059,0.015988
PB4_T4,PB4,120,-0.005874,-0.012866,0.005874,0.012866
PB4_T4,PB4,300,0.006307,-0.006843,0.006307,0.006843
PB4_T5,PB4,10,-0.001789,-0.013169,0.001789,0.013169
PB4_T5,PB4,30,-0.00185,-0.014764,0.00185,0.014764
PB4_T5,PB4,60,-0.006295,-0.013795,0.006295,0.013795
PB4_T5,PB4,120,-0.004373,-0.009947,0.004373,0.009947
PB4_T5,PB4,300,0.008089,-0.005716,0.008089,0.005716
PB4_T6,PB4,10,-0.000118,-0.008996,0.000118,0.008996
PB4_T6,PB4,30,0.001084,-0.010102,0.001084,0.010102
PB4_T6,PB4,60,-0.004898,-0.011408,0.004898,0.011408
PB4_T6,PB4,120,0.001841,-0.007494,0.001841,0.007494
PB4_T6,PB4,300,0.010441,-0.004654,0.010441,0.004654
PB4_T7,PB4,10,0.003608,-0.003682,0.003608,0.003682
PB4_T7,PB4,30,0.005464,-0.003969,0.005464,0.003969
PB4_T7,PB4,60,0.004723,-0.006422,0.004723,0.006422
PB4_T7,PB4,120,0.009492,-0.003179,0.009492,0.003179
PB4_T7,PB4,300,-0.013271,-0.004604,0.013271,0.004604
PB4_T8,PB4,10,-0.002754,-0.002938,0.002754,0.002938
PB4_T8,PB4,30,-0.003616,-0.00111,0.003616,0.00111
PB4_T8,PB4,60,-0.008294,-0.002388,0.008294,0.002388
PB4_T8,PB4,120,-0.013661,-0.002803,0.013661,0.002803
PB4_T8,PB4,300,-0.028482,0.006105,0.028482,0.006105
PB4_T9,PB4,10,-0.004705,-0.000619,0.004705,0.000619
PB4_T9,PB4,30,-0.008186,0.001344,0.008186,0.001344
PB4_T9,PB4,60,-0.014732,-0.000428,0.014732,0.000428
PB4_T9,PB4,120,-0.022768,-0.002052,0.022768,0.002052
PB4_T9,PB4,300,-0.037282,0.00022,0.037282,0.00022
PB4_T10,PB4,10,-0.003219,-0.002211,0.003219,0.002211
PB4_T10,PB4,30,-0.004303,-0.001329,0.004303,0.001329
PB4_T10,PB4,60,-0.00703,-0.002853,0.00703,0.002853
PB4_T10,PB4,120,-0.009507,0.001211,0.009507,0.001211
PB4_T10,PB4,300,-0.019303,0.005767,0.019303,0.005767
PB4_T11,PB4,10,-0.004843,-0.000769,0.004843,0.000769
PB4_T11,PB4,30,-0.008482,-0.000516,0.008482,0.000516
PB4_T11,PB4,60,-0.013617,-0.000699,0.013617,0.000699
PB4_T11,PB4,120,-0.018706,0.004741,0.018706,0.004741
PB4_T11,PB4,300,-0.022197,0.010266,0.022197,0.010266
PB4_T12,PB4,10,-0.000127,0.00014,0.000127,0.00014
PB4_T12,PB4,30,0.000307,0.001681,0.000307,0.001681
PB4_T12,PB4,60,-0.000149,0.002067,0.000149,0.002067
PB4_T12,PB4,120,0.000512,-0.000399,0.000512,0.000399
PB4_T12,PB4,300,-0.003019,-0.008878,0.003019,0.008878
PB5_T1,PB5,10,-0.013249,-0.017438,0.013249,0.017438
PB5_T1,PB5,30,-0.001655,-0.014579,0.001655,0.014579
PB5_T1,PB5,60,0.000187,-0.008578,0.000187,0.008578
PB5_T1,PB5,120,-0.003222,-0.007814,0.003222,0.007814
PB5_T1,PB5,300,0.001771,-0.003731,0.001771,0.003731
PB5_T2,PB5,10,-0.007569,-0.016706,0.007569,0.016706
PB5_T2,PB5,30,0.00192,-0.017326,0.00192,0.017326
PB5_T2,PB5,60,0.003686,-0.009651,0.003686,0.009651
PB5_T2,PB5,120,-0.001464,-0.008497,0.001464,0.008497
PB5_T2,PB5,300,0.004052,-0.004243,0.004052,0.004243
PB5_T3,PB5,10,0.002597,-0.020469,0.002597,0.020469
PB5_T3,PB5,30,0.013225,-0.018722,0.013225,0.018722
PB5_T3,PB5,60,0.005075,-0.015103,0.005075,0.015103
PB5_T3,PB5,120,-3.3e-05,-0.013985,3.3e-05,0.013985
PB5_T3,PB5,300,0.006551,-0.007992,0.006551,0.007992
PB5_T4,PB5,10,0.004761,-0.012196,0.004761,0.012196
PB5_T4,PB5,30,0.005392,-0.013492,0.005392,0.013492
PB5_T4,PB5,60,-0.004969,-0.015988,0.004969,0.015988
PB5_T4,PB5,120,-0.005845,-0.012866,0.005845,0.012866
PB5_T4,PB5,300,0.00632,-0.006843,0.00632,0.006843
PB5_T5,PB5,10,-0.001735,-0.013169,0.001735,0.013169
PB5_T5,PB5,30,-0.001764,-0.014764,0.001764,0.014764
PB5_T5,PB5,60,-0.006243,-0.013795,0.006243,0.013795
PB5_T5,PB5,120,-0.004368,-0.009947,0.004368,0.009947
PB5_T5,PB5,300,0.008085,-0.005716,0.008085,0.005716
PB5_T6,PB5,10,-8.9e-05,-0.008996,8.9e-05,0.008996
PB5_T6,PB5,30,0.001113,-0.010102,0.001113,0.010102
PB5_T6,PB5,60,-0.004908,-0.011408,0.004908,0.011408
PB5_T6,PB5,120,0.001832,-0.007494,0.001832,0.007494
PB5_T6,PB5,300,0.010426,-0.004654,0.010426,0.004654
PB5_T7,PB5,10,0.003633,-0.003682,0.003633,0.003682
PB5_T7,PB5,30,0.005506,-0.003969,0.005506,0.003969
PB5_T7,PB5,60,0.004763,-0.006422,0.004763,0.006422
PB5_T7,PB5,120,0.009542,-0.003179,0.009542,0.003179
PB5_T7,PB5,300,-0.013234,-0.004604,0.013234,0.004604
PB5_T8,PB5,10,-0.002727,-0.002938,0.002727,0.002938
PB5_T8,PB5,30,-0.003577,-0.00111,0.003577,0.00111
PB5_T8,PB5,60,-0.008276,-0.002388,0.008276,0.002388
PB5_T8,PB5,120,-0.013647,-0.002803,0.013647,0.002803
PB5_T8,PB5,300,-0.028437,0.006105,0.028437,0.006105
PB5_T9,PB5,10,-0.0047,-0.000619,0.0047,0.000619
PB5_T9,PB5,30,-0.008179,0.001344,0.008179,0.001344
PB5_T9,PB5,60,-0.014742,-0.000428,0.014742,0.000428
PB5_T9,PB5,120,-0.022789,-0.002052,0.022789,0.002052
PB5_T9,PB5,300,-0.037245,0.00022,0.037245,0.00022
PB5_T10,PB5,10,-0.003228,-0.002211,0.003228,0.002211
PB5_T10,PB5,30,-0.004312,-0.001329,0.004312,0.001329
PB5_T10,PB5,60,-0.007041,-0.002853,0.007041,0.002853
PB5_T10,PB5,120,-0.009519,0.001211,0.009519,0.001211
PB5_T10,PB5,300,-0.019262,0.005767,0.019262,0.005767
PB5_T11,PB5,10,-0.004839,-0.000769,0.004839,0.000769
PB5_T11,PB5,30,-0.008472,-0.000516,0.008472,0.000516
PB5_T11,PB5,60,-0.013621,-0.000699,0.013621,0.000699
PB5_T11,PB5,120,-0.018711,0.004741,0.018711,0.004741
PB5_T11,PB5,300,-0.022157,0.010266,0.022157,0.010266
PB5_T12,PB5,10,-0.000141,0.00014,0.000141,0.00014
PB5_T12,PB5,30,0.000289,0.001681,0.000289,0.001681
PB5_T12,PB5,60,-0.000181,0.002067,0.000181,0.002067
PB5_T12,PB5,120,0.000469,-0.000399,0.000469,0.000399
PB5_T12,PB5,300,-0.003032,-0.008878,0.003032,0.008878
PB6_T1,PB6,10,-0.005017,-0.01634,0.005017,0.01634
PB6_T1,PB6,30,0.004186,-0.017765,0.004186,0.017765
PB6_T1,PB6,60,0.003998,-0.010048,0.003998,0.010048
PB6_T1,PB6,120,-0.000333,-0.008268,0.000333,0.008268
PB6_T1,PB6,300,0.004458,-0.004366,0.004458,0.004366
PB6_T2,PB6,10,0.002442,-0.018244,0.002442,0.018244
PB6_T2,PB6,30,0.012034,-0.017316,0.012034,0.017316
PB6_T2,PB6,60,0.004876,-0.013777,0.004876,0.013777
PB6_T2,PB6,120,0.001467,-0.011615,0.001467,0.011615
PB6_T2,PB6,300,0.006216,-0.007238,0.006216,0.007238
PB6_T3,PB6,10,0.005883,-0.007269,0.005883,0.007269
PB6_T3,PB6,30,0.003433,-0.007228,0.003433,0.007228
PB6_T3,PB6,60,-0.00575,-0.013411,0.00575,0.013411
PB6_T3,PB6,120,-0.004406,-0.010792,0.004406,0.010792
PB6_T3,PB6,300,0.0074,-0.006676,0.0074,0.006676
PB6_T4,PB6,10,-0.000337,-0.002052,0.000337,0.002052
PB6_T4,PB6,30,-0.003254,-0.001481,0.003254,0.001481
PB6_T4,PB6,60,-0.004616,-0.003763,0.004616,0.003763
PB6_T4,PB6,120,0.004805,-4e-05,0.004805,4e-05
PB6_T4,PB6,300,0.006962,-0.00228,0.006962,0.00228
PB6_T5,PB6,10,9.5e-05,0.001136,9.5e-05,0.001136
PB6_T5,PB6,30,-0.000123,0.003224,0.000123,0.003224
PB6_T5,PB6,60,0.001967,0.001466,0.001967,0.001466
PB6_T5,PB6,120,0.011931,0.002056,0.011931,0.002056
PB6_T5,PB6,300,-0.000507,-0.001964,0.000507,0.001964
PB6_T6,PB6,10,0.000972,0.002085,0.000972,0.002085
PB6_T6,PB6,30,0.001889,0.004001,0.001889,0.004001
PB6_T6,PB6,60,0.004335,0.001416,0.004335,0.001416
PB6_T6,PB6,120,0.010629,0.001722,0.010629,0.001722
PB6_T6,PB6,300,-0.010333,-0.00214,0.010333,0.00214
PB6_T7,PB6,10,-0.004618,0.002578,0.004618,0.002578
PB6_T7,PB6,30,-0.008413,0.00476,0.008413,0.00476
PB6_T7,PB6,60,-0.012468,0.005117,0.012468,0.005117
PB6_T7,PB6,120,-0.020067,0.004418,0.020067,0.004418
PB6_T7,PB6,300,-0.037671,0.005928,0.037671,0.005928
PB6_T8,PB6,10,-0.005895,0.00118,0.005895,0.00118
PB6_T8,PB6,30,-0.010534,0.001356,0.010534,0.001356
PB6_T8,PB6,60,-0.014528,8.8e-05,0.014528,8.8e-05
PB6_T8,PB6,120,-0.019759,0.000165,0.019759,0.000165
PB6_T8,PB6,300,-0.022845,0.000599,0.022845,0.000599
PB6_T9,PB6,10,-0.002348,0.001268,0.002348,0.001268
PB6_T9,PB6,30,-0.004282,0.00144,0.004282,0.00144
PB6_T9,PB6,60,-0.005647,0.001276,0.005647,0.001276
PB6_T9,PB6,120,-0.006598,0.003203,0.006598,0.003203
PB6_T9,PB6,300,-0.002845,0.002571,0.002845,0.002571
PB6_T10,PB6,10,0.002096,0.001778,0.002096,0.001778
PB6_T10,PB6,30,0.003588,0.00181,0.003588,0.00181
PB6_T10,PB6,60,0.005067,0.001952,0.005067,0.001952
PB6_T10,PB6,120,0.007997,0.00156,0.007997,0.00156
PB6_T10,PB6,300,0.015136,-0.001495,0.015136,0.001495
PB6_T11,PB6,10,0.002743,0.001946,0.002743,0.001946
PB6_T11,PB6,30,0.004777,0.001587,0.004777,0.001587
PB6_T11,PB6,60,0.006673,0.001323,0.006673,0.001323
PB6_T11,PB6,120,0.010149,-0.000702,0.010149,0.000702
PB6_T11,PB6,300,0.017219,-0.008808,0.017219,0.008808
PB6_T12,PB6,10,0.001571,-0.003096,0.001571,0.003096
PB6_T12,PB6,30,0.002941,-0.006451,0.002941,0.006451
PB6_T12,PB6,60,0.004317,-0.009375,0.004317,0.009375
PB6_T12,PB6,120,0.007338,-0.016334,0.007338,0.016334
PB6_T12,PB6,300,0.011244,-0.036362,0.011244,0.036362
PB7_T1,PB7,10,-0.008521,-0.017874,0.008521,0.017874
PB7_T1,PB7,30,-0.004355,-0.011921,0.004355,0.011921
PB7_T1,PB7,60,-0.002228,-0.007833,0.002228,0.007833
PB7_T1,PB7,120,-0.002124,-0.006678,0.002124,0.006678
PB7_T1,PB7,300,0.000143,-0.003548,0.000143,0.003548
PB7_T2,PB7,10,-0.006792,-0.019348,0.006792,0.019348
PB7_T2,PB7,30,-0.004666,-0.01615,0.004666,0.01615
PB7_T2,PB7,60,-0.001821,-0.010443,0.001821,0.010443
PB7_T2,PB7,120,-0.001856,-0.008854,0.001856,0.008854
PB7_T2,PB7,300,0.001372,-0.004697,0.001372,0.004697
PB7_T3,PB7,10,-0.008372,-0.025121,0.008372,0.025121
PB7_T3,PB7,30,-0.004647,-0.021798,0.004647,0.021798
PB7_T3,PB7,60,-0.001909,-0.014797,0.001909,0.014797
PB7_T3,PB7,120,-0.001132,-0.012085,0.001132,0.012085
PB7_T3,PB7,300,0.001718,-0.007398,0.001718,0.007398
PB7_T4,PB7,10,-0.005922,-0.022805,0.005922,0.022805
PB7_T4,PB7,30,-0.000781,-0.019471,0.000781,0.019471
PB7_T4,PB7,60,-0.000376,-0.0156,0.000376,0.0156
PB7_T4,PB7,120,0.002008,-0.012319,0.002008,0.012319
PB7_T4,PB7,300,0.003874,-0.007632,0.003874,0.007632
PB7_T5,PB7,10,-0.003888,-0.019839,0.003888,0.019839
PB7_T5,PB7,30,0.001059,-0.017391,0.001059,0.017391
PB7_T5,PB7,60,0.001132,-0.014979,0.001132,0.014979
PB7_T5,PB7,120,0.004102,-0.012171,0.004102,0.012171
PB7_T5,PB7,300,0.006052,-0.007672,0.006052,0.007672
PB7_T6,PB7,10,-0.002989,-0.018348,0.002989,0.018348
PB7_T6,PB7,30,0.001616,-0.01587,0.001616,0.01587
PB7_T6,PB7,60,0.002107,-0.014715,0.002107,0.014715
PB7_T6,PB7,120,0.00524,-0.011607,0.00524,0.011607
PB7_T6,PB7,300,0.007546,-0.007324,0.007546,0.007324
PB7_T7,PB7,10,-0.000166,-0.010961,0.000166,0.010961
PB7_T7,PB7,30,0.004342,-0.009045,0.004342,0.009045
PB7_T7,PB7,60,0.007515,-0.008481,0.007515,0.008481
PB7_T7,PB7,120,0.011904,-0.00555,0.011904,0.00555
PB7_T7,PB7,300,0.010735,-0.006495,0.010735,0.006495
PB7_T8,PB7,10,0.000229,-0.0082,0.000229,0.0082
PB7_T8,PB7,30,0.004001,-0.006602,0.004001,0.006602
PB7_T8,PB7,60,0.005961,-0.007251,0.005961,0.007251
PB7_T8,PB7,120,0.008401,-0.005267,0.008401,0.005267
PB7_T8,PB7,300,0.009094,-0.001182,0.009094,0.001182
PB7_T9,PB7,10,0.000972,-0.005663,0.000972,0.005663
PB7_T9,PB7,30,0.004257,-0.003418,0.004257,0.003418
PB7_T9,PB7,60,0.006369,-0.003402,0.006369,0.003402
PB7_T9,PB7,120,0.008951,-0.001149,0.008951,0.001149
PB7_T9,PB7,300,0.00788,0.002107,0.00788,0.002107
PB7_T10,PB7,10,-0.001711,-0.005011,0.001711,0.005011
PB7_T10,PB7,30,-0.000759,-0.003224,0.000759,0.003224
PB7_T10,PB7,60,-0.000522,-0.004672,0.000522,0.004672
PB7_T10,PB7,120,0.000438,-0.003032,0.000438,0.003032
PB7_T10,PB7,300,0.000918,-0.002786,0.000918,0.002786
PB7_T11,PB7,10,-0.001464,-0.004613,0.001464,0.004613
PB7_T11,PB7,30,-0.000462,-0.003096,0.000462,0.003096
PB7_T11,PB7,60,-6.7e-05,-0.004604,6.7e-05,0.004604
PB7_T11,PB7,120,0.000803,-0.002768,0.000803,0.002768
PB7_T11,PB7,300,0.001266,-0.001324,0.001266,0.001324
PB7_T12,PB7,10,0.000663,-0.001965,0.000663,0.001965
PB7_T12,PB7,30,0.002677,0.000763,0.002677,0.000763
PB7_T12,PB7,60,0.004001,0.001489,0.004001,0.001489
PB7_T12,PB7,120,0.00606,0.004868,0.00606,0.004868
PB7_T12,PB7,300,0.005276,0.009044,0.005276,0.009044
PB8_T1,PB8,10,-0.007723,-0.016747,0.007723,0.016747
PB8_T1,PB8,30,-0.004495,-0.011796,0.004495,0.011796
PB8_T1,PB8,60,-0.002597,-0.007283,0.002597,0.007283
PB8_T1,PB8,120,-0.003016,-0.00652,0.003016,0.00652
PB8_T1,PB8,300,-0.000519,-0.003902,0.000519,0.003902
PB8_T2,PB8,10,-0.006245,-0.017895,0.006245,0.017895
PB8_T2,PB8,30,-0.004486,-0.015214,0.004486,0.015214
PB8_T2,PB8,60,-0.001575,-0.009143,0.001575,0.009143
PB8_T2,PB8,120,-0.002338,-0.008351,0.002338,0.008351
PB8_T2,PB8,300,0.000512,-0.004915,0.000512,0.004915
PB8_T3,PB8,10,-0.007009,-0.023971,0.007009,0.023971
PB8_T3,PB8,30,-0.004098,-0.020592,0.004098,0.020592
PB8_T3,PB8,60,-0.001536,-0.013674,0.001536,0.013674
PB8_T3,PB8,120,-0.001471,-0.011946,0.001471,0.011946
PB8_T3,PB8,300,0.000946,-0.007634,0.000946,0.007634
PB8_T4,PB8,10,-0.005768,-0.022908,0.005768,0.022908
PB8_T4,PB8,30,-0.001764,-0.019601,0.001764,0.019601
PB8_T4,PB8,60,-0.001659,-0.015846,0.001659,0.015846
PB8_T4,PB8,120,6.1e-05,-0.012988,6.1e-05,0.012988
PB8_T4,PB8,300,0.002723,-0.008199,0.002723,0.008199
PB8_T5,PB8,10,-0.004585,-0.020675,0.004585,0.020675
PB8_T5,PB8,30,-0.001138,-0.018455,0.001138,0.018455
PB8_T5,PB8,60,-0.000686,-0.016164,0.000686,0.016164
PB8_T5,PB8,120,0.002369,-0.0129,0.002369,0.0129
PB8_T5,PB8,300,0.004805,-0.00849,0.004805,0.00849
PB8_T6,PB8,10,-0.004202,-0.019409,0.004202,0.019409
PB8_T6,PB8,30,-0.000378,-0.017087,0.000378,0.017087
PB8_T6,PB8,60,0.001005,-0.015559,0.001005,0.015559
PB8_T6,PB8,120,0.004566,-0.012191,0.004566,0.012191
PB8_T6,PB8,300,0.006896,-0.008263,0.006896,0.008263
PB8_T7,PB8,10,-0.001398,-0.012855,0.001398,0.012855
PB8_T7,PB8,30,0.003035,-0.010482,0.003035,0.010482
PB8_T7,PB8,60,0.007024,-0.009673,0.007024,0.009673
PB8_T7,PB8,120,0.011313,-0.006738,0.011313,0.006738
PB8_T7,PB8,300,0.009132,-0.006935,0.009132,0.006935
PB8_T8,PB8,10,-0.000778,-0.00935,0.000778,0.00935
PB8_T8,PB8,30,0.002533,-0.007332,0.002533,0.007332
PB8_T8,PB8,60,0.006297,-0.007366,0.006297,0.007366
PB8_T8,PB8,120,0.009884,-0.005492,0.009884,0.005492
PB8_T8,PB8,300,0.008217,-0.001991,0.008217,0.001991
PB8_T9,PB8,10,-0.00044,-0.0074,0.00044,0.0074
PB8_T9,PB8,30,0.002264,-0.005233,0.002264,0.005233
PB8_T9,PB8,60,0.005324,-0.005207,0.005324,0.005207
PB8_T9,PB8,120,0.008948,-0.003006,0.008948,0.003006
PB8_T9,PB8,300,0.007112,-0.000534,0.007112,0.000534
PB8_T10,PB8,10,-0.001236,-0.005814,0.001236,0.005814
PB8_T10,PB8,30,-0.000469,-0.004089,0.000469,0.004089
PB8_T10,PB8,60,0.000577,-0.005237,0.000577,0.005237
PB8_T10,PB8,120,0.002471,-0.003708,0.002471,0.003708
PB8_T10,PB8,300,0.001623,-0.003996,0.001623,0.003996
PB8_T11,PB8,10,-0.001348,-0.005239,0.001348,0.005239
PB8_T11,PB8,30,-0.000956,-0.003852,0.000956,0.003852
PB8_T11,PB8,60,-0.000286,-0.005188,0.000286,0.005188
PB8_T11,PB8,120,0.001009,-0.003383,0.001009,0.003383
PB8_T11,PB8,300,0.000636,-0.003381,0.000636,0.003381
PB8_T12,PB8,10,-0.000387,-0.002381,0.000387,0.002381
PB8_T12,PB8,30,0.000302,0.000104,0.000302,0.000104
PB8_T12,PB8,60,0.00092,0.000687,0.00092,0.000687
PB8_T12,PB8,120,0.002369,0.003779,0.002369,0.003779
PB8_T12,PB8,300,0.003388,0.005653,0.003388,0.005653
PB9_T1,PB9,10,-0.000761,0.001517,0.000761,0.001517
PB9_T1,PB9,30,-0.001382,0.004634,0.001382,0.004634
PB9_T1,PB9,60,-0.001887,0.007888,0.001887,0.007888
PB9_T1,PB9,120,-0.000662,0.009412,0.000662,0.009412
PB9_T1,PB9,300,-0.000941,0.004225,0.000941,0.004225
PB9_T2,PB9,10,-0.000761,0.001517,0.000761,0.001517
PB9_T2,PB9,30,-0.001382,0.004634,0.001382,0.004634
PB9_T2,PB9,60,-0.001887,0.007888,0.001887,0.007888
PB9_T2,PB9,120,-0.000662,0.009412,0.000662,0.009412
PB9_T2,PB9,300,-0.000941,0.004225,0.000941,0.004225
PB9_T3,PB9,10,-0.000761,0.001517,0.000761,0.001517
PB9_T3,PB9,30,-0.001382,0.004634,0.001382,0.004634
PB9_T3,PB9,60,-0.001887,0.007888,0.001887,0.007888
PB9_T3,PB9,120,-0.000662,0.009412,0.000662,0.009412
PB9_T3,PB9,300,-0.000941,0.004225,0.000941,0.004225
PB9_T4,PB9,10,-0.000761,0.001517,0.000761,0.001517
PB9_T4,PB9,30,-0.001382,0.004634,0.001382,0.004634
PB9_T4,PB9,60,-0.001887,0.007888,0.001887,0.007888
PB9_T4,PB9,120,-0.000662,0.009412,0.000662,0.009412
PB9_T4,PB9,300,-0.000941,0.004225,0.000941,0.004225
PB9_T5,PB9,10,-0.000761,0.001517,0.000761,0.001517
PB9_T5,PB9,30,-0.001382,0.004634,0.001382,0.004634
PB9_T5,PB9,60,-0.001887,0.007888,0.001887,0.007888
PB9_T5,PB9,120,-0.000662,0.009412,0.000662,0.009412
PB9_T5,PB9,300,-0.000941,0.004225,0.000941,0.004225
PB9_T6,PB9,10,-0.000761,0.001517,0.000761,0.001517
PB9_T6,PB9,30,-0.001382,0.004634,0.001382,0.004634
PB9_T6,PB9,60,-0.001887,0.007888,0.001887,0.007888
PB9_T6,PB9,120,-0.000662,0.009412,0.000662,0.009412
PB9_T6,PB9,300,-0.000941,0.004225,0.000941,0.004225
PB9_T7,PB9,10,-0.000761,0.001517,0.000761,0.001517
PB9_T7,PB9,30,-0.001382,0.004634,0.001382,0.004634
PB9_T7,PB9,60,-0.001887,0.007888,0.001887,0.007888
PB9_T7,PB9,120,-0.000662,0.009412,0.000662,0.009412
PB9_T7,PB9,300,-0.000941,0.004225,0.000941,0.004225
PB9_T8,PB9,10,-0.000761,0.001517,0.000761,0.001517
PB9_T8,PB9,30,-0.001382,0.004634,0.001382,0.004634
PB9_T8,PB9,60,-0.001887,0.007888,0.001887,0.007888
PB9_T8,PB9,120,-0.000662,0.009412,0.000662,0.009412
PB9_T8,PB9,300,-0.000941,0.004225,0.000941,0.004225
PB9_T9,PB9,10,-0.000761,0.001517,0.000761,0.001517
PB9_T9,PB9,30,-0.001382,0.004634,0.001382,0.004634
PB9_T9,PB9,60,-0.001887,0.007888,0.001887,0.007888
PB9_T9,PB9,120,-0.000662,0.009412,0.000662,0.009412
PB9_T9,PB9,300,-0.000941,0.004225,0.000941,0.004225
PB9_T10,PB9,10,-0.000761,0.001517,0.000761,0.001517
PB9_T10,PB9,30,-0.001382,0.004634,0.001382,0.004634
PB9_T10,PB9,60,-0.001887,0.007888,0.001887,0.007888
PB9_T10,PB9,120,-0.000662,0.009412,0.000662,0.009412
PB9_T10,PB9,300,-0.000941,0.004225,0.000941,0.004225
PB9_T11,PB9,10,-0.000761,0.001517,0.000761,0.001517
PB9_T11,PB9,30,-0.001382,0.004634,0.001382,0.004634
PB9_T11,PB9,60,-0.001887,0.007888,0.001887,0.007888
PB9_T11,PB9,120,-0.000662,0.009412,0.000662,0.009412
PB9_T11,PB9,300,-0.000941,0.004225,0.000941,0.004225
PB9_T12,PB9,10,-0.000761,0.001517,0.000761,0.001517
PB9_T12,PB9,30,-0.001382,0.004634,0.001382,0.004634
PB9_T12,PB9,60,-0.001887,0.007888,0.001887,0.007888
PB9_T12,PB9,120,-0.000662,0.009412,0.000662,0.009412
PB9_T12,PB9,300,-0.000941,0.004225,0.000941,0.004225
PB10_T1,PB10,10,-0.000612,0.00168,0.000612,0.00168
PB10_T1,PB10,30,-0.001257,0.004804,0.001257,0.004804
PB10_T1,PB10,60,-0.001744,0.007989,0.001744,0.007989
PB10_T1,PB10,120,-0.000463,0.009528,0.000463,0.009528
PB10_T1,PB10,300,-0.00082,0.004308,0.00082,0.004308
PB10_T2,PB10,10,-0.00055,0.001784,0.00055,0.001784
PB10_T2,PB10,30,-0.001183,0.004958,0.001183,0.004958
PB10_T2,PB10,60,-0.001655,0.00806,0.001655,0.00806
PB10_T2,PB10,120,-0.000323,0.009597,0.000323,0.009597
PB10_T2,PB10,300,-0.000734,0.004353,0.000734,0.004353
PB10_T3,PB10,10,-0.000483,0.002115,0.000483,0.002115
PB10_T3,PB10,30,-0.001061,0.005268,0.001061,0.005268
PB10_T3,PB10,60,-0.001433,0.008211,0.001433,0.008211
PB10_T3,PB10,120,-7.3e-05,0.009678,7.3e-05,0.009678
PB10_T3,PB10,300,-0.00061,0.004367,0.00061,0.004367
PB10_T4,PB10,10,-0.00037,0.002213,0.00037,0.002213
PB10_T4,PB10,30,-0.00085,0.005319,0.00085,0.005319
PB10_T4,PB10,60,-0.000959,0.008369,0.000959,0.008369
PB10_T4,PB10,120,0.000232,0.009634,0.000232,0.009634
PB10_T4,PB10,300,-0.00045,0.004369,0.00045,0.004369
PB10_T5,PB10,10,-0.000152,0.002283,0.000152,0.002283
PB10_T5,PB10,30,-0.000465,0.005462,0.000465,0.005462
PB10_T5,PB10,60,-0.000645,0.008457,0.000645,0.008457
PB10_T5,PB10,120,0.000394,0.009619,0.000394,0.009619
PB10_T5,PB10,300,-0.000391,0.0043,0.000391,0.0043
PB10_T6,PB10,10,-1.6e-05,0.002325,1.6e-05,0.002325
PB10_T6,PB10,30,-0.000429,0.005432,0.000429,0.005432
PB10_T6,PB10,60,-0.000684,0.008441,0.000684,0.008441
PB10_T6,PB10,120,0.000383,0.009557,0.000383,0.009557
PB10_T6,PB10,300,-0.000499,0.004229,0.000499,0.004229
PB10_T7,PB10,10,-0.000282,0.002128,0.000282,0.002128
PB10_T7,PB10,30,-0.000747,0.005047,0.000747,0.005047
PB10_T7,PB10,60,-0.000921,0.007993,0.000921,0.007993
PB10_T7,PB10,120,0.000187,0.009232,0.000187,0.009232
PB10_T7,PB10,300,0.000101,0.003711,0.000101,0.003711
PB10_T8,PB10,10,0.000131,0.002214,0.000131,0.002214
PB10_T8,PB10,30,-0.000123,0.00514,0.000123,0.00514
PB10_T8,PB10,60,-6.1e-05,0.008052,6.1e-05,0.008052
PB10_T8,PB10,120,0.001568,0.009441,0.001568,0.009441
PB10_T8,PB10,300,0.002656,0.005369,0.002656,0.005369
PB10_T9,PB10,10,0.000446,0.002523,0.000446,0.002523
PB10_T9,PB10,30,0.000393,0.005605,0.000393,0.005605
PB10_T9,PB10,60,0.000713,0.008616,0.000713,0.008616
PB10_T9,PB10,120,0.002848,0.010422,0.002848,0.010422
PB10_T9,PB10,300,0.005614,0.007828,0.005614,0.007828
PB10_T10,PB10,10,0.000816,0.003248,0.000816,0.003248
PB10_T10,PB10,30,0.001169,0.006773,0.001169,0.006773
PB10_T10,PB10,60,0.001992,0.010362,0.001992,0.010362
PB10_T10,PB10,120,0.004713,0.01246,0.004713,0.01246
PB10_T10,PB10,300,0.007759,0.011668,0.007759,0.011668
PB10_T11,PB10,10,0.001074,0.003513,0.001074,0.003513
PB10_T11,PB10,30,0.001645,0.007366,0.001645,0.007366
PB10_T11,PB10,60,0.002669,0.011034,0.002669,0.011034
PB10_T11,PB10,120,0.005747,0.013289,0.005747,0.013289
PB10_T11,PB10,300,0.009084,0.013097,0.009084,0.013097
PB10_T12,PB10,10,0.000409,0.003213,0.000409,0.003213
PB10_T12,PB10,30,0.000487,0.006993,0.000487,0.006993
PB10_T12,PB10,60,0.001088,0.010707,0.001088,0.010707
PB10_T12,PB10,120,0.00331,0.013129,0.00331,0.013129
PB10_T12,PB10,300,0.00506,0.014744,0.00506,0.014744
PB11_T1,PB11,10,-0.000768,0.001583,0.000768,0.001583
PB11_T1,PB11,30,-0.001512,0.004658,0.001512,0.004658
PB11_T1,PB11,60,-0.002059,0.007874,0.002059,0.007874
PB11_T1,PB11,120,-0.000824,0.009371,0.000824,0.009371
PB11_T1,PB11,300,-0.001072,0.004162,0.001072,0.004162
PB11_T2,PB11,10,-0.000838,0.001612,0.000838,0.001612
PB11_T2,PB11,30,-0.001643,0.004707,0.001643,0.004707
PB11_T2,PB11,60,-0.002236,0.007872,0.002236,0.007872
PB11_T2,PB11,120,-0.000951,0.009351,0.000951,0.009351
PB11_T2,PB11,300,-0.001187,0.004115,0.001187,0.004115
PB11_T3,PB11,10,-0.001115,0.001735,0.001115,0.001735
PB11_T3,PB11,30,-0.002236,0.004782,0.002236,0.004782
PB11_T3,PB11,60,-0.002715,0.007884,0.002715,0.007884
PB11_T3,PB11,120,-0.001285,0.009354,0.001285,0.009354
PB11_T3,PB11,300,-0.001492,0.004021,0.001492,0.004021
PB11_T4,PB11,10,-0.001513,0.001735,0.001513,0.001735
PB11_T4,PB11,30,-0.002691,0.004682,0.002691,0.004682
PB11_T4,PB11,60,-0.002941,0.007865,0.002941,0.007865
PB11_T4,PB11,120,-0.001227,0.009488,0.001227,0.009488
PB11_T4,PB11,300,-0.001675,0.004028,0.001675,0.004028
PB11_T5,PB11,10,-0.001524,0.001777,0.001524,0.001777
PB11_T5,PB11,30,-0.002612,0.00467,0.002612,0.00467
PB11_T5,PB11,60,-0.002607,0.008035,0.002607,0.008035
PB11_T5,PB11,120,-0.000994,0.009689,0.000994,0.009689
PB11_T5,PB11,300,-0.001764,0.00414,0.001764,0.00414
PB11_T6,PB11,10,-0.001357,0.001823,0.001357,0.001823
PB11_T6,PB11,30,-0.002253,0.004758,0.002253,0.004758
PB11_T6,PB11,60,-0.002163,0.008203,0.002163,0.008203
PB11_T6,PB11,120,-0.001018,0.009751,0.001018,0.009751
PB11_T6,PB11,300,-0.001874,0.004197,0.001874,0.004197
PB11_T7,PB11,10,-0.001416,0.002014,0.001416,0.002014
PB11_T7,PB11,30,-0.002436,0.004939,0.002436,0.004939
PB11_T7,PB11,60,-0.002828,0.008589,0.002828,0.008589
PB11_T7,PB11,120,-0.002267,0.010259,0.002267,0.010259
PB11_T7,PB11,300,-0.001599,0.004972,0.001599,0.004972
PB11_T8,PB11,10,-0.001218,0.002094,0.001218,0.002094
PB11_T8,PB11,30,-0.002108,0.004958,0.002108,0.004958
PB11_T8,PB11,60,-0.002266,0.00861,0.002266,0.00861
PB11_T8,PB11,120,-0.001158,0.010544,0.001158,0.010544
PB11_T8,PB11,300,0.000156,0.004076,0.000156,0.004076
PB11_T9,PB11,10,-0.001031,0.001945,0.001031,0.001945
PB11_T9,PB11,30,-0.001759,0.004761,0.001759,0.004761
PB11_T9,PB11,60,-0.001785,0.008283,0.001785,0.008283
PB11_T9,PB11,120,-0.000616,0.009844,0.000616,0.009844
PB11_T9,PB11,300,0.001276,0.003222,0.001276,0.003222
PB11_T10,PB11,10,-0.000583,0.001476,0.000583,0.001476
PB11_T10,PB11,30,-0.001118,0.003941,0.001118,0.003941
PB11_T10,PB11,60,-0.001156,0.007246,0.001156,0.007246
PB11_T10,PB11,120,-0.000115,0.007764,0.000115,0.007764
PB11_T10,PB11,300,0.001178,-0.000381,0.001178,0.000381
PB11_T11,PB11,10,-0.000567,0.001305,0.000567,0.001305
PB11_T11,PB11,30,-0.000998,0.003603,0.000998,0.003603
PB11_T11,PB11,60,-0.000803,0.006979,0.000803,0.006979
PB11_T11,PB11,120,0.000468,0.007455,0.000468,0.007455
PB11_T11,PB11,300,0.001314,-0.001587,0.001314,0.001587
PB11_T12,PB11,10,-0.000924,-0.000277,0.000924,0.000277
PB11_T12,PB11,30,-0.001601,0.00098,0.001601,0.00098
PB11_T12,PB11,60,-0.001639,0.003363,0.001639,0.003363
PB11_T12,PB11,120,-0.000651,0.002939,0.000651,0.002939
PB11_T12,PB11,300,0.000773,-0.007648,0.000773,0.007648
PB12_T1,PB12,10,-0.013249,-0.017438,0.013249,0.017438
PB12_T1,PB12,30,-0.001655,-0.014579,0.001655,0.014579
PB12_T1,PB12,60,0.000187,-0.008578,0.000187,0.008578
PB12_T1,PB12,120,-0.003222,-0.007814,0.003222,0.007814
PB12_T1,PB12,300,0.001771,-0.003731,0.001771,0.003731
PB12_T2,PB12,10,-0.007569,-0.016706,0.007569,0.016706
PB12_T2,PB12,30,0.00192,-0.017326,0.00192,0.017326
PB12_T2,PB12,60,0.003686,-0.009651,0.003686,0.009651
PB12_T2,PB12,120,-0.001464,-0.008497,0.001464,0.008497
PB12_T2,PB12,300,0.004052,-0.004243,0.004052,0.004243
PB12_T3,PB12,10,0.002597,-0.020469,0.002597,0.020469
PB12_T3,PB12,30,0.013225,-0.018722,0.013225,0.018722
PB12_T3,PB12,60,0.005075,-0.015103,0.005075,0.015103
PB12_T3,PB12,120,-3.3e-05,-0.013985,3.3e-05,0.013985
PB12_T3,PB12,300,0.006551,-0.007992,0.006551,0.007992
PB12_T4,PB12,10,0.004761,-0.012196,0.004761,0.012196
PB12_T4,PB12,30,0.005392,-0.013492,0.005392,0.013492
PB12_T4,PB12,60,-0.004969,-0.015988,0.004969,0.015988
PB12_T4,PB12,120,-0.005845,-0.012866,0.005845,0.012866
PB12_T4,PB12,300,0.00632,-0.006843,0.00632,0.006843
PB12_T5,PB12,10,-0.001735,-0.013169,0.001735,0.013169
PB12_T5,PB12,30,-0.001764,-0.014764,0.001764,0.014764
PB12_T5,PB12,60,-0.006243,-0.013795,0.006243,0.013795
PB12_T5,PB12,120,-0.004368,-0.009947,0.004368,0.009947
PB12_T5,PB12,300,0.008085,-0.005716,0.008085,0.005716
PB12_T6,PB12,10,-8.9e-05,-0.008996,8.9e-05,0.008996
PB12_T6,PB12,30,0.001113,-0.010102,0.001113,0.010102
PB12_T6,PB12,60,-0.004908,-0.011408,0.004908,0.011408
PB12_T6,PB12,120,0.001832,-0.007494,0.001832,0.007494
PB12_T6,PB12,300,0.010426,-0.004654,0.010426,0.004654
PB12_T7,PB12,10,0.003633,-0.003682,0.003633,0.003682
PB12_T7,PB12,30,0.005506,-0.003969,0.005506,0.003969
PB12_T7,PB12,60,0.004763,-0.006422,0.004763,0.006422
PB12_T7,PB12,120,0.009542,-0.003179,0.009542,0.003179
PB12_T7,PB12,300,-0.013234,-0.004604,0.013234,0.004604
PB12_T8,PB12,10,-0.002727,-0.002938,0.002727,0.002938
PB12_T8,PB12,30,-0.003577,-0.00111,0.003577,0.00111
PB12_T8,PB12,60,-0.008276,-0.002388,0.008276,0.002388
PB12_T8,PB12,120,-0.013647,-0.002803,0.013647,0.002803
PB12_T8,PB12,300,-0.028437,0.006105,0.028437,0.006105
PB12_T9,PB12,10,-0.0047,-0.000619,0.0047,0.000619
PB12_T9,PB12,30,-0.008179,0.001344,0.008179,0.001344
PB12_T9,PB12,60,-0.014742,-0.000428,0.014742,0.000428
PB12_T9,PB12,120,-0.022789,-0.002052,0.022789,0.002052
PB12_T9,PB12,300,-0.037245,0.00022,0.037245,0.00022
PB12_T10,PB12,10,-0.003228,-0.002211,0.003228,0.002211
PB12_T10,PB12,30,-0.004312,-0.001329,0.004312,0.001329
PB12_T10,PB12,60,-0.007041,-0.002853,0.007041,0.002853
PB12_T10,PB12,120,-0.009519,0.001211,0.009519,0.001211
PB12_T10,PB12,300,-0.019262,0.005767,0.019262,0.005767
PB12_T11,PB12,10,-0.004839,-0.000769,0.004839,0.000769
PB12_T11,PB12,30,-0.008472,-0.000516,0.008472,0.000516
PB12_T11,PB12,60,-0.013621,-0.000699,0.013621,0.000699
PB12_T11,PB12,120,-0.018711,0.004741,0.018711,0.004741
PB12_T11,PB12,300,-0.022157,0.010266,0.022157,0.010266
PB12_T12,PB12,10,-0.000141,0.00014,0.000141,0.00014
PB12_T12,PB12,30,0.000289,0.001681,0.000289,0.001681
PB12_T12,PB12,60,-0.000181,0.002067,0.000181,0.002067
PB12_T12,PB12,120,0.000469,-0.000399,0.000469,0.000399
PB12_T12,PB12,300,-0.003032,-0.008878,0.003032,0.008878
PB13_T1,PB13,10,-0.013251,-0.017433,0.013251,0.017433
PB13_T1,PB13,30,-0.001658,-0.014546,0.001658,0.014546
PB13_T1,PB13,60,0.000183,-0.008551,0.000183,0.008551
PB13_T1,PB13,120,-0.003224,-0.007781,0.003224,0.007781
PB13_T1,PB13,300,0.001771,-0.003672,0.001771,0.003672
PB13_T2,PB13,10,-0.00757,-0.016699,0.00757,0.016699
PB13_T2,PB13,30,0.001915,-0.017308,0.001915,0.017308
PB13_T2,PB13,60,0.003678,-0.009645,0.003678,0.009645
PB13_T2,PB13,120,-0.001465,-0.008469,0.001465,0.008469
PB13_T2,PB13,300,0.004052,-0.004215,0.004052,0.004215
PB13_T3,PB13,10,0.002588,-0.020467,0.002588,0.020467
PB13_T3,PB13,30,0.013207,-0.018726,0.013207,0.018726
PB13_T3,PB13,60,0.005053,-0.015108,0.005053,0.015108
PB13_T3,PB13,120,-3.6e-05,-0.013982,3.6e-05,0.013982
PB13_T3,PB13,300,0.006554,-0.00798,0.006554,0.00798
PB13_T4,PB13,10,0.004743,-0.012202,0.004743,0.012202
PB13_T4,PB13,30,0.005354,-0.013501,0.005354,0.013501
PB13_T4,PB13,60,-0.005003,-0.015999,0.005003,0.015999
PB13_T4,PB13,120,-0.005843,-0.012868,0.005843,0.012868
PB13_T4,PB13,300,0.006327,-0.006837,0.006327,0.006837
PB13_T5,PB13,10,-0.001755,-0.013164,0.001755,0.013164
PB13_T5,PB13,30,-0.001795,-0.014763,0.001795,0.014763
PB13_T5,PB13,60,-0.006251,-0.013793,0.006251,0.013793
PB13_T5,PB13,120,-0.004351,-0.009935,0.004351,0.009935
PB13_T5,PB13,300,0.008102,-0.005714,0.008102,0.005714
PB13_T6,PB13,10,-9.4e-05,-0.008999,9.4e-05,0.008999
PB13_T6,PB13,30,0.001113,-0.0101,0.001113,0.0101
PB13_T6,PB13,60,-0.004885,-0.011403,0.004885,0.011403
PB13_T6,PB13,120,0.001859,-0.007486,0.001859,0.007486
PB13_T6,PB13,300,0.010447,-0.004654,0.010447,0.004654
PB13_T7,PB13,10,0.003629,-0.003682,0.003629,0.003682
PB13_T7,PB13,30,0.005498,-0.003965,0.005498,0.003965
PB13_T7,PB13,60,0.00476,-0.00642,0.00476,0.00642
PB13_T7,PB13,120,0.009536,-0.003183,0.009536,0.003183
PB13_T7,PB13,300,-0.013248,-0.004611,0.013248,0.004611
PB13_T8,PB13,10,-0.002734,-0.00294,0.002734,0.00294
PB13_T8,PB13,30,-0.003587,-0.001112,0.003587,0.001112
PB13_T8,PB13,60,-0.00827,-0.002392,0.00827,0.002392
PB13_T8,PB13,120,-0.01363,-0.00281,0.01363,0.00281
PB13_T8,PB13,300,-0.028441,0.006088,0.028441,0.006088
PB13_T9,PB13,10,-0.004695,-0.000625,0.004695,0.000625
PB13_T9,PB13,30,-0.008171,0.001333,0.008171,0.001333
PB13_T9,PB13,60,-0.014721,-0.000443,0.014721,0.000443
PB13_T9,PB13,120,-0.022753,-0.002065,0.022753,0.002065
PB13_T9,PB13,300,-0.03724,0.000197,0.03724,0.000197
PB13_T10,PB13,10,-0.003212,-0.002213,0.003212,0.002213
PB13_T10,PB13,30,-0.00429,-0.001332,0.00429,0.001332
PB13_T10,PB13,60,-0.007009,-0.002858,0.007009,0.002858
PB13_T10,PB13,120,-0.009475,0.001202,0.009475,0.001202
PB13_T10,PB13,300,-0.019239,0.005758,0.019239,0.005758
PB13_T11,PB13,10,-0.004829,-0.000768,0.004829,0.000768
PB13_T11,PB13,30,-0.00846,-0.000512,0.00846,0.000512
PB13_T11,PB13,60,-0.013594,-0.000693,0.013594,0.000693
PB13_T11,PB13,120,-0.01867,0.004748,0.01867,0.004748
PB13_T11,PB13,300,-0.022133,0.010283,0.022133,0.010283
PB13_T12,PB13,10,-0.000114,0.00016,0.000114,0.00016
PB13_T12,PB13,30,0.000329,0.001711,0.000329,0.001711
PB13_T12,PB13,60,-0.00012,0.002108,0.00012,0.002108
PB13_T12,PB13,120,0.000557,-0.000344,0.000557,0.000344
PB13_T12,PB13,300,-0.002942,-0.008795,0.002942,0.008795
PB14_T1,PB14,10,-0.006313,-0.016433,0.006313,0.016433
PB14_T1,PB14,30,-0.002851,-0.012478,0.002851,0.012478
PB14_T1,PB14,60,-0.000668,-0.007629,0.000668,0.007629
PB14_T1,PB14,120,-0.000853,-0.006745,0.000853,0.006745
PB14_T1,PB14,300,0.000709,-0.003983,0.000709,0.003983
PB14_T2,PB14,10,-0.003341,-0.016738,0.003341,0.016738
PB14_T2,PB14,30,-0.003046,-0.016396,0.003046,0.016396
PB14_T2,PB14,60,0.00022,-0.009699,0.00022,0.009699
PB14_T2,PB14,120,0.001136,-0.007401,0.001136,0.007401
PB14_T2,PB14,300,0.00281,-0.004304,0.00281,0.004304
PB14_T3,PB14,10,-0.004513,-0.020027,0.004513,0.020027
PB14_T3,PB14,30,0.000341,-0.017682,0.000341,0.017682
PB14_T3,PB14,60,0.001221,-0.012765,0.001221,0.012765
PB14_T3,PB14,120,0.003052,-0.010952,0.003052,0.010952
PB14_T3,PB14,300,0.005282,-0.006532,0.005282,0.006532
PB14_T4,PB14,10,0.000617,-0.012547,0.000617,0.012547
PB14_T4,PB14,30,0.001961,-0.012078,0.001961,0.012078
PB14_T4,PB14,60,0.000324,-0.013942,0.000324,0.013942
PB14_T4,PB14,120,0.004387,-0.010436,0.004387,0.010436
PB14_T4,PB14,300,0.007128,-0.006468,0.007128,0.006468
PB14_T5,PB14,10,-0.00175,-0.012703,0.00175,0.012703
PB14_T5,PB14,30,0.000188,-0.012967,0.000188,0.012967
PB14_T5,PB14,60,0.002807,-0.011974,0.002807,0.011974
PB14_T5,PB14,120,0.006558,-0.008448,0.006558,0.008448
PB14_T5,PB14,300,0.009784,-0.005335,0.009784,0.005335
PB14_T6,PB14,10,0.001571,-0.009014,0.001571,0.009014
PB14_T6,PB14,30,0.004076,-0.009009,0.004076,0.009009
PB14_T6,PB14,60,0.00561,-0.009522,0.00561,0.009522
PB14_T6,PB14,120,0.00877,-0.006379,0.00877,0.006379
PB14_T6,PB14,300,0.011567,-0.003586,0.011567,0.003586
PB14_T7,PB14,10,0.003256,-0.004094,0.003256,0.004094
PB14_T7,PB14,30,0.00576,-0.003637,0.00576,0.003637
PB14_T7,PB14,60,0.00807,-0.004997,0.00807,0.004997
PB14_T7,PB14,120,0.012121,-0.00244,0.012121,0.00244
PB14_T7,PB14,300,0.009061,-0.000988,0.009061,0.000988
PB14_T8,PB14,10,0.001562,-0.003342,0.001562,0.003342
PB14_T8,PB14,30,0.004299,-0.001232,0.004299,0.001232
PB14_T8,PB14,60,0.005366,-0.002771,0.005366,0.002771
PB14_T8,PB14,120,0.005647,-0.002617,0.005647,0.002617
PB14_T8,PB14,300,0.006567,0.006869,0.006567,0.006869
PB14_T9,PB14,10,0.001375,-0.000805,0.001375,0.000805
PB14_T9,PB14,30,0.002911,0.001278,0.002911,0.001278
PB14_T9,PB14,60,0.002945,-0.000362,0.002945,0.000362
PB14_T9,PB14,120,0.002571,-0.000659,0.002571,0.000659
PB14_T9,PB14,300,0.001782,0.004929,0.001782,0.004929
PB14_T10,PB14,10,0.001953,-0.001739,0.001953,0.001739
PB14_T10,PB14,30,0.005006,-0.00052,0.005006,0.00052
PB14_T10,PB14,60,0.007875,-0.000408,0.007875,0.000408
PB14_T10,PB14,120,0.012061,0.00394,0.012061,0.00394
PB14_T10,PB14,300,0.01718,0.010877,0.01718,0.010877
PB14_T11,PB14,10,0.002436,-0.000183,0.002436,0.000183
PB14_T11,PB14,30,0.004792,0.000642,0.004792,0.000642
PB14_T11,PB14,60,0.006394,0.001298,0.006394,0.001298
PB14_T11,PB14,120,0.009201,0.006205,0.009201,0.006205
PB14_T11,PB14,300,0.015798,0.013693,0.015798,0.013693
PB14_T12,PB14,10,0.003097,8.2e-05,0.003097,8.2e-05
PB14_T12,PB14,30,0.00613,0.001654,0.00613,0.001654
PB14_T12,PB14,60,0.008915,0.00259,0.008915,0.00259
PB14_T12,PB14,120,0.012438,0.002199,0.012438,0.002199
PB14_T12,PB14,300,0.014649,-0.002936,0.014649,0.002936
PB15_T1,PB15,10,-0.008865,-0.01743,0.008865,0.01743
PB15_T1,PB15,30,-0.004884,-0.011648,0.004884,0.011648
PB15_T1,PB15,60,-0.002637,-0.007794,0.002637,0.007794
PB15_T1,PB15,120,-0.002699,-0.006951,0.002699,0.006951
PB15_T1,PB15,300,-0.000969,-0.004591,0.000969,0.004591
PB15_T2,PB15,10,-0.006158,-0.018512,0.006158,0.018512
PB15_T2,PB15,30,-0.004749,-0.015565,0.004749,0.015565
PB15_T2,PB15,60,-0.001722,-0.009828,0.001722,0.009828
PB15_T2,PB15,120,-0.002257,-0.00868,0.002257,0.00868
PB15_T2,PB15,300,0.000143,-0.005207,0.000143,0.005207
PB15_T3,PB15,10,-0.006804,-0.024335,0.006804,0.024335
PB15_T3,PB15,30,-0.004019,-0.021553,0.004019,0.021553
PB15_T3,PB15,60,-0.001313,-0.01448,0.001313,0.01448
PB15_T3,PB15,120,-0.000256,-0.011161,0.000256,0.011161
PB15_T3,PB15,300,0.002299,-0.006556,0.002299,0.006556
PB15_T4,PB15,10,-0.004783,-0.022324,0.004783,0.022324
PB15_T4,PB15,30,-0.000949,-0.019415,0.000949,0.019415
PB15_T4,PB15,60,-0.000317,-0.014827,0.000317,0.014827
PB15_T4,PB15,120,0.002044,-0.010536,0.002044,0.010536
PB15_T4,PB15,300,0.004409,-0.005708,0.004409,0.005708
PB15_T5,PB15,10,-0.004071,-0.01961,0.004071,0.01961
PB15_T5,PB15,30,-0.000773,-0.017921,0.000773,0.017921
PB15_T5,PB15,60,9e-05,-0.014353,9e-05,0.014353
PB15_T5,PB15,120,0.003748,-0.010207,0.003748,0.010207
PB15_T5,PB15,300,0.007008,-0.005014,0.007008,0.005014
PB15_T6,PB15,10,-0.003783,-0.018269,0.003783,0.018269
PB15_T6,PB15,30,-0.000331,-0.016151,0.000331,0.016151
PB15_T6,PB15,60,0.001503,-0.013976,0.001503,0.013976
PB15_T6,PB15,120,0.006051,-0.00907,0.006051,0.00907
PB15_T6,PB15,300,0.009515,-0.004651,0.009515,0.004651
PB15_T7,PB15,10,-0.000646,-0.011075,0.000646,0.011075
PB15_T7,PB15,30,0.003065,-0.009156,0.003065,0.009156
PB15_T7,PB15,60,0.006527,-0.008823,0.006527,0.008823
PB15_T7,PB15,120,0.010907,-0.005102,0.010907,0.005102
PB15_T7,PB15,300,0.01028,-0.0047,0.01028,0.0047
PB15_T8,PB15,10,-0.001572,-0.009031,0.001572,0.009031
PB15_T8,PB15,30,0.001078,-0.00768,0.001078,0.00768
PB15_T8,PB15,60,0.003415,-0.008657,0.003415,0.008657
PB15_T8,PB15,120,0.006066,-0.006932,0.006066,0.006932
PB15_T8,PB15,300,0.004556,-0.002674,0.004556,0.002674
PB15_T9,PB15,10,-0.000583,-0.005899,0.000583,0.005899
PB15_T9,PB15,30,0.002114,-0.003884,0.002114,0.003884
PB15_T9,PB15,60,0.004489,-0.003226,0.004489,0.003226
PB15_T9,PB15,120,0.007265,-0.000996,0.007265,0.000996
PB15_T9,PB15,300,0.001727,-0.00022,0.001727,0.00022
PB15_T10,PB15,10,-0.002319,-0.006048,0.002319,0.006048
PB15_T10,PB15,30,-0.001479,-0.004957,0.001479,0.004957
PB15_T10,PB15,60,-0.001215,-0.005995,0.001215,0.005995
PB15_T10,PB15,120,-0.00076,-0.004412,0.00076,0.004412
PB15_T10,PB15,300,-0.005001,-0.006516,0.005001,0.006516
PB15_T11,PB15,10,-0.001843,-0.005184,0.001843,0.005184
PB15_T11,PB15,30,-0.00105,-0.004311,0.00105,0.004311
PB15_T11,PB15,60,-0.001083,-0.005443,0.001083,0.005443
PB15_T11,PB15,120,-0.001429,-0.003714,0.001429,0.003714
PB15_T11,PB15,300,-0.005266,-0.004166,0.005266,0.004166
PB15_T12,PB15,10,-0.000517,-0.002593,0.000517,0.002593
PB15_T12,PB15,30,0.00072,-0.000763,0.00072,0.000763
PB15_T12,PB15,60,0.001269,-0.000392,0.001269,0.000392
PB15_T12,PB15,120,0.002666,0.001902,0.002666,0.001902
PB15_T12,PB15,300,-0.00098,0.000696,0.00098,0.000696
PB16_T1,PB16,10,-0.005755,-0.01462,0.005755,0.01462
PB16_T1,PB16,30,-0.00321,-0.011532,0.00321,0.011532
PB16_T1,PB16,60,-0.001261,-0.007543,0.001261,0.007543
PB16_T1,PB16,120,-0.001788,-0.00729,0.001788,0.00729
PB16_T1,PB16,300,-0.000125,-0.00463,0.000125,0.00463
PB16_T2,PB16,10,-0.0033,-0.015632,0.0033,0.015632
PB16_T2,PB16,30,-0.003362,-0.01523,0.003362,0.01523
PB16_T2,PB16,60,-0.000455,-0.009337,0.000455,0.009337
PB16_T2,PB16,120,-0.001127,-0.008404,0.001127,0.008404
PB16_T2,PB16,300,0.00097,-0.005194,0.00097,0.005194
PB16_T3,PB16,10,-0.005033,-0.021428,0.005033,0.021428
PB16_T3,PB16,30,-0.002676,-0.019955,0.002676,0.019955
PB16_T3,PB16,60,-0.000572,-0.013629,0.000572,0.013629
PB16_T3,PB16,120,0.00049,-0.010734,0.00049,0.010734
PB16_T3,PB16,300,0.002736,-0.006407,0.002736,0.006407
PB16_T4,PB16,10,-0.003161,-0.019526,0.003161,0.019526
PB16_T4,PB16,30,0.000244,-0.017523,0.000244,0.017523
PB16_T4,PB16,60,0.000208,-0.013909,0.000208,0.013909
PB16_T4,PB16,120,0.002701,-0.009869,0.002701,0.009869
PB16_T4,PB16,300,0.004752,-0.005517,0.004752,0.005517
PB16_T5,PB16,10,-0.00257,-0.017003,0.00257,0.017003
PB16_T5,PB16,30,0.000266,-0.016077,0.000266,0.016077
PB16_T5,PB16,60,0.000637,-0.013438,0.000637,0.013438
PB16_T5,PB16,120,0.004362,-0.009538,0.004362,0.009538
PB16_T5,PB16,300,0.007302,-0.004845,0.007302,0.004845
PB16_T6,PB16,10,-0.002239,-0.015643,0.002239,0.015643
PB16_T6,PB16,30,0.000713,-0.014424,0.000713,0.014424
PB16_T6,PB16,60,0.002114,-0.013067,0.002114,0.013067
PB16_T6,PB16,120,0.006686,-0.008353,0.006686,0.008353
PB16_T6,PB16,300,0.009779,-0.004478,0.009779,0.004478
PB16_T7,PB16,10,0.00045,-0.009252,0.00045,0.009252
PB16_T7,PB16,30,0.003858,-0.007821,0.003858,0.007821
PB16_T7,PB16,60,0.007016,-0.008062,0.007016,0.008062
PB16_T7,PB16,120,0.011313,-0.004581,0.011313,0.004581
PB16_T7,PB16,300,0.010408,-0.004479,0.010408,0.004479
PB16_T8,PB16,10,-0.000692,-0.007641,0.000692,0.007641
PB16_T8,PB16,30,0.001702,-0.006643,0.001702,0.006643
PB16_T8,PB16,60,0.003799,-0.008033,0.003799,0.008033
PB16_T8,PB16,120,0.006363,-0.006467,0.006363,0.006467
PB16_T8,PB16,300,0.004676,-0.002444,0.004676,0.002444
PB16_T9,PB16,10,0.000171,-0.004704,0.000171,0.004704
PB16_T9,PB16,30,0.002631,-0.003015,0.002631,0.003015
PB16_T9,PB16,60,0.004845,-0.00266,0.004845,0.00266
PB16_T9,PB16,120,0.007505,-0.000619,0.007505,0.000619
PB16_T9,PB16,300,0.001762,-0.000101,0.001762,0.000101
PB16_T10,PB16,10,-0.001711,-0.005123,0.001711,0.005123
PB16_T10,PB16,30,-0.001101,-0.004285,0.001101,0.004285
PB16_T10,PB16,60,-0.000961,-0.005553,0.000961,0.005553
PB16_T10,PB16,120,-0.000572,-0.004107,0.000572,0.004107
PB16_T10,PB16,300,-0.004946,-0.006392,0.004946,0.006392
PB16_T11,PB16,10,-0.001293,-0.004319,0.001293,0.004319
PB16_T11,PB16,30,-0.000721,-0.003713,0.000721,0.003713
PB16_T11,PB16,60,-0.000873,-0.005041,0.000873,0.005041
PB16_T11,PB16,120,-0.001287,-0.003436,0.001287,0.003436
PB16_T11,PB16,300,-0.005233,-0.004042,0.005233,0.004042
PB16_T12,PB16,10,-9.8e-05,-0.001936,9.8e-05,0.001936
PB16_T12,PB16,30,0.000953,-0.000304,0.000953,0.000304
PB16_T12,PB16,60,0.001424,-6.4e-05,0.001424,6.4e-05
PB16_T12,PB16,120,0.002781,0.002138,0.002781,0.002138
PB16_T12,PB16,300,-0.000979,0.000782,0.000979,0.000782
PB17_T1,PB17,10,-0.008865,-0.01743,0.008865,0.01743
PB17_T1,PB17,30,-0.004884,-0.011648,0.004884,0.011648
PB17_T1,PB17,60,-0.002637,-0.007794,0.002637,0.007794
PB17_T1,PB17,120,-0.002699,-0.006951,0.002699,0.006951
PB17_T1,PB17,300,-0.000969,-0.004591,0.000969,0.004591
PB17_T2,PB17,10,-0.006158,-0.018512,0.006158,0.018512
PB17_T2,PB17,30,-0.004749,-0.015565,0.004749,0.015565
PB17_T2,PB17,60,-0.001722,-0.009828,0.001722,0.009828
PB17_T2,PB17,120,-0.002257,-0.00868,0.002257,0.00868
PB17_T2,PB17,300,0.000143,-0.005207,0.000143,0.005207
PB17_T3,PB17,10,-0.006804,-0.024335,0.006804,0.024335
PB17_T3,PB17,30,-0.004019,-0.021553,0.004019,0.021553
PB17_T3,PB17,60,-0.001313,-0.01448,0.001313,0.01448
PB17_T3,PB17,120,-0.000256,-0.011161,0.000256,0.011161
PB17_T3,PB17,300,0.002299,-0.006556,0.002299,0.006556
PB17_T4,PB17,10,-0.004783,-0.022324,0.004783,0.022324
PB17_T4,PB17,30,-0.000949,-0.019415,0.000949,0.019415
PB17_T4,PB17,60,-0.000317,-0.014827,0.000317,0.014827
PB17_T4,PB17,120,0.002044,-0.010536,0.002044,0.010536
PB17_T4,PB17,300,0.004409,-0.005708,0.004409,0.005708
PB17_T5,PB17,10,-0.004071,-0.01961,0.004071,0.01961
PB17_T5,PB17,30,-0.000773,-0.017921,0.000773,0.017921
PB17_T5,PB17,60,9e-05,-0.014353,9e-05,0.014353
PB17_T5,PB17,120,0.003748,-0.010207,0.003748,0.010207
PB17_T5,PB17,300,0.007008,-0.005014,0.007008,0.005014
PB17_T6,PB17,10,-0.003783,-0.018269,0.003783,0.018269
PB17_T6,PB17,30,-0.000331,-0.016151,0.000331,0.016151
PB17_T6,PB17,60,0.001503,-0.013976,0.001503,0.013976
PB17_T6,PB17,120,0.006051,-0.00907,0.006051,0.00907
PB17_T6,PB17,300,0.009515,-0.004651,0.009515,0.004651
PB17_T7,PB17,10,-0.000646,-0.011075,0.000646,0.011075
PB17_T7,PB17,30,0.003065,-0.009156,0.003065,0.009156
PB17_T7,PB17,60,0.006527,-0.008823,0.006527,0.008823
PB17_T7,PB17,120,0.010907,-0.005102,0.010907,0.005102
PB17_T7,PB17,300,0.01028,-0.0047,0.01028,0.0047
PB17_T8,PB17,10,-0.001572,-0.009031,0.001572,0.009031
PB17_T8,PB17,30,0.001078,-0.00768,0.001078,0.00768
PB17_T8,PB17,60,0.003415,-0.008657,0.003415,0.008657
PB17_T8,PB17,120,0.006066,-0.006932,0.006066,0.006932
PB17_T8,PB17,300,0.004556,-0.002674,0.004556,0.002674
PB17_T9,PB17,10,-0.000583,-0.005899,0.000583,0.005899
PB17_T9,PB17,30,0.002114,-0.003884,0.002114,0.003884
PB17_T9,PB17,60,0.004489,-0.003226,0.004489,0.003226
PB17_T9,PB17,120,0.007265,-0.000996,0.007265,0.000996
PB17_T9,PB17,300,0.001727,-0.00022,0.001727,0.00022
PB17_T10,PB17,10,-0.002319,-0.006048,0.002319,0.006048
PB17_T10,PB17,30,-0.001479,-0.004957,0.001479,0.004957
PB17_T10,PB17,60,-0.001215,-0.005995,0.001215,0.005995
PB17_T10,PB17,120,-0.00076,-0.004412,0.00076,0.004412
PB17_T10,PB17,300,-0.005001,-0.006516,0.005001,0.006516
PB17_T11,PB17,10,-0.001843,-0.005184,0.001843,0.005184
PB17_T11,PB17,30,-0.00105,-0.004311,0.00105,0.004311
PB17_T11,PB17,60,-0.001083,-0.005443,0.001083,0.005443
PB17_T11,PB17,120,-0.001429,-0.003714,0.001429,0.003714
PB17_T11,PB17,300,-0.005266,-0.004166,0.005266,0.004166
PB17_T12,PB17,10,-0.000517,-0.002593,0.000517,0.002593
PB17_T12,PB17,30,0.00072,-0.000763,0.00072,0.000763
PB17_T12,PB17,60,0.001269,-0.000392,0.001269,0.000392
PB17_T12,PB17,120,0.002666,0.001902,0.002666,0.001902
PB17_T12,PB17,300,-0.00098,0.000696,0.00098,0.000696
PB18_T1,PB18,10,-0.008433,-0.01788,0.008433,0.01788
PB18_T1,PB18,30,-0.00433,-0.011929,0.00433,0.011929
PB18_T1,PB18,60,-0.00226,-0.007798,0.00226,0.007798
PB18_T1,PB18,120,-0.002125,-0.006702,0.002125,0.006702
PB18_T1,PB18,300,0.000201,-0.003517,0.000201,0.003517
PB18_T2,PB18,10,-0.006871,-0.019341,0.006871,0.019341
PB18_T2,PB18,30,-0.004665,-0.016128,0.004665,0.016128
PB18_T2,PB18,60,-0.00199,-0.010478,0.00199,0.010478
PB18_T2,PB18,120,-0.001974,-0.008987,0.001974,0.008987
PB18_T2,PB18,300,0.001173,-0.004826,0.001173,0.004826
PB18_T3,PB18,10,-0.008747,-0.025064,0.008747,0.025064
PB18_T3,PB18,30,-0.004645,-0.021637,0.004645,0.021637
PB18_T3,PB18,60,-0.001856,-0.014868,0.001856,0.014868
PB18_T3,PB18,120,-0.00118,-0.012157,0.00118,0.012157
PB18_T3,PB18,300,0.001695,-0.007445,0.001695,0.007445
PB18_T4,PB18,10,-0.006464,-0.022874,0.006464,0.022874
PB18_T4,PB18,30,-0.000891,-0.019725,0.000891,0.019725
PB18_T4,PB18,60,-3.6e-05,-0.015619,3.6e-05,0.015619
PB18_T4,PB18,120,0.002382,-0.012275,0.002382,0.012275
PB18_T4,PB18,300,0.004191,-0.007601,0.004191,0.007601
PB18_T5,PB18,10,-0.003979,-0.019966,0.003979,0.019966
PB18_T5,PB18,30,0.001478,-0.017286,0.001478,0.017286
PB18_T5,PB18,60,0.001444,-0.014866,0.001444,0.014866
PB18_T5,PB18,120,0.004326,-0.012187,0.004326,0.012187
PB18_T5,PB18,300,0.006013,-0.007798,0.006013,0.007798
PB18_T6,PB18,10,-0.002732,-0.018265,0.002732,0.018265
PB18_T6,PB18,30,0.002164,-0.015626,0.002164,0.015626
PB18_T6,PB18,60,0.002276,-0.014553,0.002276,0.014553
PB18_T6,PB18,120,0.005469,-0.011581,0.005469,0.011581
PB18_T6,PB18,300,0.007269,-0.007498,0.007269,0.007498
PB18_T7,PB18,10,0.000164,-0.010804,0.000164,0.010804
PB18_T7,PB18,30,0.004777,-0.008886,0.004777,0.008886
PB18_T7,PB18,60,0.008211,-0.008289,0.008211,0.008289
PB18_T7,PB18,120,0.012736,-0.005533,0.012736,0.005533
PB18_T7,PB18,300,0.011274,-0.006663,0.011274,0.006663
PB18_T8,PB18,10,0.000538,-0.008124,0.000538,0.008124
PB18_T8,PB18,30,0.004317,-0.006635,0.004317,0.006635
PB18_T8,PB18,60,0.005951,-0.007405,0.005951,0.007405
PB18_T8,PB18,120,0.007636,-0.005489,0.007636,0.005489
PB18_T8,PB18,300,0.008552,-0.001621,0.008552,0.001621
PB18_T9,PB18,10,0.000955,-0.005683,0.000955,0.005683
PB18_T9,PB18,30,0.003957,-0.003546,0.003957,0.003546
PB18_T9,PB18,60,0.005523,-0.003593,0.005523,0.003593
PB18_T9,PB18,120,0.007189,-0.001455,0.007189,0.001455
PB18_T9,PB18,300,0.006233,0.001615,0.006233,0.001615
PB18_T10,PB18,10,-0.002155,-0.005183,0.002155,0.005183
PB18_T10,PB18,30,-0.001415,-0.003563,0.001415,0.003563
PB18_T10,PB18,60,-0.001276,-0.005053,0.001276,0.005053
PB18_T10,PB18,120,0.000187,-0.003306,0.000187,0.003306
PB18_T10,PB18,300,0.002002,-0.003009,0.002002,0.003009
PB18_T11,PB18,10,-0.001774,-0.004815,0.001774,0.004815
PB18_T11,PB18,30,-0.000925,-0.003427,0.000925,0.003427
PB18_T11,PB18,60,-0.000583,-0.005143,0.000583,0.005143
PB18_T11,PB18,120,0.000721,-0.003314,0.000721,0.003314
PB18_T11,PB18,300,0.002429,-0.001851,0.002429,0.001851
PB18_T12,PB18,10,0.000957,-0.0021,0.000957,0.0021
PB18_T12,PB18,30,0.003204,0.000478,0.003204,0.000478
PB18_T12,PB18,60,0.004595,0.00111,0.004595,0.00111
PB18_T12,PB18,120,0.006614,0.004338,0.006614,0.004338
PB18_T12,PB18,300,0.00576,0.008595,0.00576,0.008595
VB1_T1,VB1,10,-0.000968,-0.000315,0.000968,0.000315
VB1_T1,VB1,30,-0.000799,-0.000308,0.000799,0.000308
VB1_T1,VB1,60,-0.001468,-0.001174,0.001468,0.001174
VB1_T1,VB1,120,-0.001244,-0.000588,0.001244,0.000588
VB1_T1,VB1,300,-0.00173,-0.000809,0.00173,0.000809
VB1_T2,VB1,10,-0.000727,-0.002009,0.000727,0.002009
VB1_T2,VB1,30,-0.001349,-0.000861,0.001349,0.000861
VB1_T2,VB1,60,-0.002191,-0.000783,0.002191,0.000783
VB1_T2,VB1,120,0.001306,0.00259,0.001306,0.00259
VB1_T2,VB1,300,-0.000812,0.000508,0.000812,0.000508
VB1_T3,VB1,10,-0.00223,-0.003902,0.00223,0.003902
VB1_T3,VB1,30,-0.003521,-1.3e-05,0.003521,1.3e-05
VB1_T3,VB1,60,-0.003327,0.001057,0.003327,0.001057
VB1_T3,VB1,120,0.005458,0.009352,0.005458,0.009352
VB1_T3,VB1,300,0.001108,0.003976,0.001108,0.003976
VB1_T4,VB1,10,-0.005453,-0.005953,0.005453,0.005953
VB1_T4,VB1,30,-0.008632,-0.005465,0.008632,0.005465
VB1_T4,VB1,60,-0.004326,-0.000698,0.004326,0.000698
VB1_T4,VB1,120,0.007022,0.011826,0.007022,0.011826
VB1_T4,VB1,300,0.001305,0.008339,0.001305,0.008339
VB1_T5,VB1,10,-0.004924,-0.004605,0.004924,0.004605
VB1_T5,VB1,30,-0.006703,-0.002953,0.006703,0.002953
VB1_T5,VB1,60,0.000438,0.004055,0.000438,0.004055
VB1_T5,VB1,120,0.011338,0.014863,0.011338,0.014863
VB1_T5,VB1,300,0.003419,0.012497,0.003419,0.012497
VB1_T6,VB1,10,-0.00383,-0.004052,0.00383,0.004052
VB1_T6,VB1,30,-0.003385,-0.002285,0.003385,0.002285
VB1_T6,VB1,60,0.004343,0.006347,0.004343,0.006347
VB1_T6,VB1,120,0.010388,0.014024,0.010388,0.014024
VB1_T6,VB1,300,0.003562,0.011319,0.003562,0.011319
VB1_T7,VB1,10,-0.002285,-0.001382,0.002285,0.001382
VB1_T7,VB1,30,-0.003472,0.002565,0.003472,0.002565
VB1_T7,VB1,60,-0.0017,0.008987,0.0017,0.008987
VB1_T7,VB1,120,-0.000387,0.010307,0.000387,0.010307
VB1_T7,VB1,300,0.003279,0.018528,0.003279,0.018528
VB1_T8,VB1,10,-0.001792,-0.000452,0.001792,0.000452
VB1_T8,VB1,30,-0.00351,0.00232,0.00351,0.00232
VB1_T8,VB1,60,-0.002828,0.006282,0.002828,0.006282
VB1_T8,VB1,120,-0.001483,0.009702,0.001483,0.009702
VB1_T8,VB1,300,0.006203,0.020395,0.006203,0.020395
VB1_T9,VB1,10,-0.000515,-0.000255,0.000515,0.000255
VB1_T9,VB1,30,-0.001037,0.002312,0.001037,0.002312
VB1_T9,VB1,60,0.000713,0.006335,0.000713,0.006335
VB1_T9,VB1,120,0.002397,0.008656,0.002397,0.008656
VB1_T9,VB1,300,0.00944,0.012261,0.00944,0.012261
VB1_T10,VB1,10,0.001266,-0.001735,0.001266,0.001735
VB1_T10,VB1,30,0.001341,-0.001821,0.001341,0.001821
VB1_T10,VB1,60,0.002319,-0.000621,0.002319,0.000621
VB1_T10,VB1,120,0.002561,-0.001137,0.002561,0.001137
VB1_T10,VB1,300,0.000523,-0.010244,0.000523,0.010244
VB1_T11,VB1,10,-0.000708,-0.003592,0.000708,0.003592
VB1_T11,VB1,30,-0.002213,-0.005634,0.002213,0.005634
VB1_T11,VB1,60,-0.002116,-0.005272,0.002116,0.005272
VB1_T11,VB1,120,-0.002513,-0.006963,0.002513,0.006963
VB1_T11,VB1,300,-0.006291,-0.020835,0.006291,0.020835
VB1_T12,VB1,10,0.004964,0.000538,0.004964,0.000538
VB1_T12,VB1,30,0.00808,-0.000102,0.00808,0.000102
VB1_T12,VB1,60,0.012325,0.001351,0.012325,0.001351
VB1_T12,VB1,120,0.018573,0.005507,0.018573,0.005507
VB1_T12,VB1,300,0.03126,0.005652,0.03126,0.005652
VB2_T1,VB2,10,0.01243,0.008499,0.01243,0.008499
VB2_T1,VB2,30,0.020093,0.008377,0.020093,0.008377
VB2_T1,VB2,60,0.023726,0.006317,0.023726,0.006317
VB2_T1,VB2,120,0.029047,0.007561,0.029047,0.007561
VB2_T1,VB2,300,0.019799,0.01082,0.019799,0.01082
VB2_T2,VB2,10,0.015424,0.008023,0.015424,0.008023
VB2_T2,VB2,30,0.021294,0.008524,0.021294,0.008524
VB2_T2,VB2,60,0.024874,0.006607,0.024874,0.006607
VB2_T2,VB2,120,0.031787,0.008215,0.031787,0.008215
VB2_T2,VB2,300,0.021236,0.01175,0.021236,0.01175
VB2_T3,VB2,10,0.014756,0.006404,0.014756,0.006404
VB2_T3,VB2,30,0.02134,0.007961,0.02134,0.007961
VB2_T3,VB2,60,0.023432,0.006009,0.023432,0.006009
VB2_T3,VB2,120,0.031912,0.009278,0.031912,0.009278
VB2_T3,VB2,300,0.020225,0.012708,0.020225,0.012708
VB2_T4,VB2,10,0.012588,0.005525,0.012588,0.005525
VB2_T4,VB2,30,0.017345,0.007041,0.017345,0.007041
VB2_T4,VB2,60,0.023187,0.00665,0.023187,0.00665
VB2_T4,VB2,120,0.029266,0.009367,0.029266,0.009367
VB2_T4,VB2,300,0.018762,0.013092,0.018762,0.013092
VB2_T5,VB2,10,0.012003,0.00564,0.012003,0.00564
VB2_T5,VB2,30,0.018184,0.007671,0.018184,0.007671
VB2_T5,VB2,60,0.023498,0.007079,0.023498,0.007079
VB2_T5,VB2,120,0.027274,0.008946,0.027274,0.008946
VB2_T5,VB2,300,0.016973,0.012054,0.016973,0.012054
VB2_T6,VB2,10,0.011618,0.005311,0.011618,0.005311
VB2_T6,VB2,30,0.017371,0.007604,0.017371,0.007604
VB2_T6,VB2,60,0.021465,0.006877,0.021465,0.006877
VB2_T6,VB2,120,0.024786,0.007839,0.024786,0.007839
VB2_T6,VB2,300,0.014359,0.010954,0.014359,0.010954
VB2_T7,VB2,10,0.00633,0.003269,0.00633,0.003269
VB2_T7,VB2,30,0.008797,0.004426,0.008797,0.004426
VB2_T7,VB2,60,0.011085,0.002134,0.011085,0.002134
VB2_T7,VB2,120,0.013381,0.001688,0.013381,0.001688
VB2_T7,VB2,300,0.007898,0.007545,0.007898,0.007545
VB2_T8,VB2,10,0.004814,0.002654,0.004814,0.002654
VB2_T8,VB2,30,0.006681,0.004013,0.006681,0.004013
VB2_T8,VB2,60,0.009158,0.002018,0.009158,0.002018
VB2_T8,VB2,120,0.013207,0.00244,0.013207,0.00244
VB2_T8,VB2,300,0.013082,0.011858,0.013082,0.011858
VB2_T9,VB2,10,0.004992,0.003185,0.004992,0.003185
VB2_T9,VB2,30,0.007221,0.005246,0.007221,0.005246
VB2_T9,VB2,60,0.010386,0.003883,0.010386,0.003883
VB2_T9,VB2,120,0.015828,0.005406,0.015828,0.005406
VB2_T9,VB2,300,0.019513,0.017067,0.019513,0.017067
VB2_T10,VB2,10,0.006676,0.003794,0.006676,0.003794
VB2_T10,VB2,30,0.010363,0.006403,0.010363,0.006403
VB2_T10,VB2,60,0.014668,0.005938,0.014668,0.005938
VB2_T10,VB2,120,0.02134,0.008046,0.02134,0.008046
VB2_T10,VB2,300,0.026344,0.020233,0.026344,0.020233
VB2_T11,VB2,10,0.006667,0.003833,0.006667,0.003833
VB2_T11,VB2,30,0.010281,0.006541,0.010281,0.006541
VB2_T11,VB2,60,0.014475,0.006227,0.014475,0.006227
VB2_T11,VB2,120,0.021311,0.008512,0.021311,0.008512
VB2_T11,VB2,300,0.02767,0.021442,0.02767,0.021442
VB2_T12,VB2,10,0.009029,0.005089,0.009029,0.005089
VB2_T12,VB2,30,0.014359,0.00856,0.014359,0.00856
VB2_T12,VB2,60,0.020224,0.009593,0.020224,0.009593
VB2_T12,VB2,120,0.029511,0.013746,0.029511,0.013746
VB2_T12,VB2,300,0.039755,0.027846,0.039755,0.027846
VB3_T1,VB3,10,0.007274,0.006853,0.007274,0.006853
VB3_T1,VB3,30,0.016059,0.007561,0.016059,0.007561
VB3_T1,VB3,60,0.019589,0.006114,0.019589,0.006114
VB3_T1,VB3,120,0.027002,0.00848,0.027002,0.00848
VB3_T1,VB3,300,0.018178,0.011475,0.018178,0.011475
VB3_T2,VB3,10,0.011023,0.006999,0.011023,0.006999
VB3_T2,VB3,30,0.01797,0.007895,0.01797,0.007895
VB3_T2,VB3,60,0.022018,0.006285,0.022018,0.006285
VB3_T2,VB3,120,0.031445,0.009333,0.031445,0.009333
VB3_T2,VB3,300,0.0206,0.012476,0.0206,0.012476
VB3_T3,VB3,10,0.01258,0.005986,0.01258,0.005986
VB3_T3,VB3,30,0.020322,0.007243,0.020322,0.007243
VB3_T3,VB3,60,0.023802,0.005546,0.023802,0.005546
VB3_T3,VB3,120,0.034948,0.010188,0.034948,0.010188
VB3_T3,VB3,300,0.022045,0.013247,0.022045,0.013247
VB3_T4,VB3,10,0.011822,0.005373,0.011822,0.005373
VB3_T4,VB3,30,0.017892,0.00679,0.017892,0.00679
VB3_T4,VB3,60,0.025554,0.007122,0.025554,0.007122
VB3_T4,VB3,120,0.033475,0.010619,0.033475,0.010619
VB3_T4,VB3,300,0.022878,0.013884,0.022878,0.013884
VB3_T5,VB3,10,0.012456,0.006158,0.012456,0.006158
VB3_T5,VB3,30,0.020491,0.008153,0.020491,0.008153
VB3_T5,VB3,60,0.028114,0.008291,0.028114,0.008291
VB3_T5,VB3,120,0.031812,0.010571,0.031812,0.010571
VB3_T5,VB3,300,0.021794,0.012967,0.021794,0.012967
VB3_T6,VB3,10,0.01365,0.006036,0.01365,0.006036
VB3_T6,VB3,30,0.021209,0.008319,0.021209,0.008319
VB3_T6,VB3,60,0.026039,0.00809,0.026039,0.00809
VB3_T6,VB3,120,0.030022,0.00929,0.030022,0.00929
VB3_T6,VB3,300,0.018561,0.011702,0.018561,0.011702
VB3_T7,VB3,10,0.009028,0.004126,0.009028,0.004126
VB3_T7,VB3,30,0.013038,0.005069,0.013038,0.005069
VB3_T7,VB3,60,0.016679,0.002849,0.016679,0.002849
VB3_T7,VB3,120,0.019039,0.002137,0.019039,0.002137
VB3_T7,VB3,300,0.007223,0.006409,0.007223,0.006409
VB3_T8,VB3,10,0.005559,0.002965,0.005559,0.002965
VB3_T8,VB3,30,0.007813,0.003754,0.007813,0.003754
VB3_T8,VB3,60,0.010997,0.001327,0.010997,0.001327
VB3_T8,VB3,120,0.016287,0.000737,0.016287,0.000737
VB3_T8,VB3,300,0.012272,0.008031,0.012272,0.008031
VB3_T9,VB3,10,0.005651,0.003262,0.005651,0.003262
VB3_T9,VB3,30,0.008268,0.004672,0.008268,0.004672
VB3_T9,VB3,60,0.011781,0.002547,0.011781,0.002547
VB3_T9,VB3,120,0.01756,0.003284,0.01756,0.003284
VB3_T9,VB3,300,0.017231,0.013496,0.017231,0.013496
VB3_T10,VB3,10,0.007204,0.004086,0.007204,0.004086
VB3_T10,VB3,30,0.01131,0.006204,0.01131,0.006204
VB3_T10,VB3,60,0.01605,0.005119,0.01605,0.005119
VB3_T10,VB3,120,0.023348,0.006661,0.023348,0.006661
VB3_T10,VB3,300,0.026522,0.017772,0.026522,0.017772
VB3_T11,VB3,10,0.007063,0.004205,0.007063,0.004205
VB3_T11,VB3,30,0.010794,0.006447,0.010794,0.006447
VB3_T11,VB3,60,0.015087,0.005541,0.015087,0.005541
VB3_T11,VB3,120,0.022354,0.007232,0.022354,0.007232
VB3_T11,VB3,300,0.026458,0.018822,0.026458,0.018822
VB3_T12,VB3,10,0.00957,0.005267,0.00957,0.005267
VB3_T12,VB3,30,0.015172,0.00826,0.015172,0.00826
VB3_T12,VB3,60,0.021242,0.008688,0.021242,0.008688
VB3_T12,VB3,120,0.031026,0.012562,0.031026,0.012562
VB3_T12,VB3,300,0.040174,0.025946,0.040174,0.025946
VB4_T1,VB4,10,0.00728,0.006853,0.00728,0.006853
VB4_T1,VB4,30,0.01606,0.007562,0.01606,0.007562
VB4_T1,VB4,60,0.01959,0.006114,0.01959,0.006114
VB4_T1,VB4,120,0.027002,0.00848,0.027002,0.00848
VB4_T1,VB4,300,0.018179,0.011475,0.018179,0.011475
VB4_T2,VB4,10,0.011026,0.006999,0.011026,0.006999
VB4_T2,VB4,30,0.017969,0.007895,0.017969,0.007895
VB4_T2,VB4,60,0.022017,0.006285,0.022017,0.006285
VB4_T2,VB4,120,0.031444,0.009333,0.031444,0.009333
VB4_T2,VB4,300,0.0206,0.012477,0.0206,0.012477
VB4_T3,VB4,10,0.01258,0.005987,0.01258,0.005987
VB4_T3,VB4,30,0.02032,0.007243,0.02032,0.007243
VB4_T3,VB4,60,0.0238,0.005547,0.0238,0.005547
VB4_T3,VB4,120,0.034946,0.010189,0.034946,0.010189
VB4_T3,VB4,300,0.022045,0.013247,0.022045,0.013247
VB4_T4,VB4,10,0.011821,0.005373,0.011821,0.005373
VB4_T4,VB4,30,0.01789,0.006791,0.01789,0.006791
VB4_T4,VB4,60,0.025551,0.007122,0.025551,0.007122
VB4_T4,VB4,120,0.033472,0.010619,0.033472,0.010619
VB4_T4,VB4,300,0.022878,0.013884,0.022878,0.013884
VB4_T5,VB4,10,0.012455,0.006158,0.012455,0.006158
VB4_T5,VB4,30,0.020488,0.008154,0.020488,0.008154
VB4_T5,VB4,60,0.028112,0.008291,0.028112,0.008291
VB4_T5,VB4,120,0.031809,0.010571,0.031809,0.010571
VB4_T5,VB4,300,0.021794,0.012967,0.021794,0.012967
VB4_T6,VB4,10,0.013649,0.006036,0.013649,0.006036
VB4_T6,VB4,30,0.021207,0.008319,0.021207,0.008319
VB4_T6,VB4,60,0.026036,0.00809,0.026036,0.00809
VB4_T6,VB4,120,0.030019,0.00929,0.030019,0.00929
VB4_T6,VB4,300,0.018562,0.011702,0.018562,0.011702
VB4_T7,VB4,10,0.009027,0.004126,0.009027,0.004126
VB4_T7,VB4,30,0.013037,0.00507,0.013037,0.00507
VB4_T7,VB4,60,0.016677,0.00285,0.016677,0.00285
VB4_T7,VB4,120,0.019038,0.002137,0.019038,0.002137
VB4_T7,VB4,300,0.007228,0.006409,0.007228,0.006409
VB4_T8,VB4,10,0.00556,0.002965,0.00556,0.002965
VB4_T8,VB4,30,0.007814,0.003754,0.007814,0.003754
VB4_T8,VB4,60,0.010998,0.001327,0.010998,0.001327
VB4_T8,VB4,120,0.016289,0.000737,0.016289,0.000737
VB4_T8,VB4,300,0.012276,0.008031,0.012276,0.008031
VB4_T9,VB4,10,0.005651,0.003262,0.005651,0.003262
VB4_T9,VB4,30,0.008268,0.004672,0.008268,0.004672
VB4_T9,VB4,60,0.011782,0.002547,0.011782,0.002547
VB4_T9,VB4,120,0.017561,0.003284,0.017561,0.003284
VB4_T9,VB4,300,0.017234,0.013496,0.017234,0.013496
VB4_T10,VB4,10,0.007204,0.004086,0.007204,0.004086
VB4_T10,VB4,30,0.01131,0.006204,0.01131,0.006204
VB4_T10,VB4,60,0.01605,0.005119,0.01605,0.005119
VB4_T10,VB4,120,0.023348,0.006661,0.023348,0.006661
VB4_T10,VB4,300,0.026524,0.017773,0.026524,0.017773
VB4_T11,VB4,10,0.007063,0.004205,0.007063,0.004205
VB4_T11,VB4,30,0.010794,0.006447,0.010794,0.006447
VB4_T11,VB4,60,0.015087,0.005541,0.015087,0.005541
VB4_T11,VB4,120,0.022354,0.007232,0.022354,0.007232
VB4_T11,VB4,300,0.026459,0.018822,0.026459,0.018822
VB4_T12,VB4,10,0.009569,0.005267,0.009569,0.005267
VB4_T12,VB4,30,0.015171,0.00826,0.015171,0.00826
VB4_T12,VB4,60,0.021241,0.008687,0.021241,0.008687
VB4_T12,VB4,120,0.031025,0.012562,0.031025,0.012562
VB4_T12,VB4,300,0.040173,0.025945,0.040173,0.025945
VB5_T1,VB5,10,0.011592,0.007989,0.011592,0.007989
VB5_T1,VB5,30,0.02016,0.008096,0.02016,0.008096
VB5_T1,VB5,60,0.025053,0.00603,0.025053,0.00603
VB5_T1,VB5,120,0.028233,0.007484,0.028233,0.007484
VB5_T1,VB5,300,0.020053,0.010836,0.020053,0.010836
VB5_T2,VB5,10,0.013617,0.008264,0.013617,0.008264
VB5_T2,VB5,30,0.023185,0.008226,0.023185,0.008226
VB5_T2,VB5,60,0.029698,0.005829,0.029698,0.005829
VB5_T2,VB5,120,0.032099,0.00637,0.032099,0.00637
VB5_T2,VB5,300,0.023136,0.011091,0.023136,0.011091
VB5_T3,VB5,10,0.016757,0.007563,0.016757,0.007563
VB5_T3,VB5,30,0.03178,0.005529,0.03178,0.005529
VB5_T3,VB5,60,0.035294,0.003757,0.035294,0.003757
VB5_T3,VB5,120,0.033484,0.003035,0.033484,0.003035
VB5_T3,VB5,300,0.024297,0.00829,0.024297,0.00829
VB5_T4,VB5,10,0.021309,0.006955,0.021309,0.006955
VB5_T4,VB5,30,0.034541,0.007078,0.034541,0.007078
VB5_T4,VB5,60,0.03758,0.004829,0.03758,0.004829
VB5_T4,VB5,120,0.027898,0.00157,0.027898,0.00157
VB5_T4,VB5,300,0.023224,0.005813,0.023224,0.005813
VB5_T5,VB5,10,0.02058,0.006977,0.02058,0.006977
VB5_T5,VB5,30,0.032483,0.006802,0.032483,0.006802
VB5_T5,VB5,60,0.030242,0.003144,0.030242,0.003144
VB5_T5,VB5,120,0.021337,-0.000545,0.021337,0.000545
VB5_T5,VB5,300,0.020919,0.00127,0.020919,0.00127
VB5_T6,VB5,10,0.017523,0.006153,0.017523,0.006153
VB5_T6,VB5,30,0.024079,0.006636,0.024079,0.006636
VB5_T6,VB5,60,0.01979,0.002053,0.01979,0.002053
VB5_T6,VB5,120,0.018428,-0.000556,0.018428,0.000556
VB5_T6,VB5,300,0.018013,-3.3e-05,0.018013,3.3e-05
VB5_T7,VB5,10,0.009168,0.003644,0.009168,0.003644
VB5_T7,VB5,30,0.013664,0.002522,0.013664,0.002522
VB5_T7,VB5,60,0.015414,-0.002517,0.015414,0.002517
VB5_T7,VB5,120,0.019675,-0.005566,0.019675,0.005566
VB5_T7,VB5,300,0.013706,-0.005848,0.013706,0.005848
VB5_T8,VB5,10,0.00765,0.001809,0.00765,0.001809
VB5_T8,VB5,30,0.011311,0.000798,0.011311,0.000798
VB5_T8,VB5,60,0.012643,-0.003232,0.012643,0.003232
VB5_T8,VB5,120,0.015485,-0.005994,0.015485,0.005994
VB5_T8,VB5,300,0.014204,-0.004407,0.014204,0.004407
VB5_T9,VB5,10,0.006871,0.001728,0.006871,0.001728
VB5_T9,VB5,30,0.010095,0.001227,0.010095,0.001227
VB5_T9,VB5,60,0.011742,-0.002717,0.011742,0.002717
VB5_T9,VB5,120,0.01604,-0.003591,0.01604,0.003591
VB5_T9,VB5,300,0.020013,0.001736,0.020013,0.001736
VB5_T10,VB5,10,0.005174,0.00358,0.005174,0.00358
VB5_T10,VB5,30,0.008499,0.005315,0.008499,0.005315
VB5_T10,VB5,60,0.011695,0.003029,0.011695,0.003029
VB5_T10,VB5,120,0.01778,0.004453,0.01778,0.004453
VB5_T10,VB5,300,0.024241,0.019443,0.024241,0.019443
VB5_T11,VB5,10,0.005605,0.005144,0.005605,0.005144
VB5_T11,VB5,30,0.009051,0.008348,0.009051,0.008348
VB5_T11,VB5,60,0.011894,0.007418,0.011894,0.007418
VB5_T11,VB5,120,0.017874,0.010078,0.017874,0.010078
VB5_T11,VB5,300,0.026241,0.028033,0.026241,0.028033
VB5_T12,VB5,10,0.003217,0.004829,0.003217,0.004829
VB5_T12,VB5,30,0.005076,0.007547,0.005076,0.007547
VB5_T12,VB5,60,0.00662,0.007221,0.00662,0.007221
VB5_T12,VB5,120,0.009496,0.008961,0.009496,0.008961
VB5_T12,VB5,300,0.010202,0.021417,0.010202,0.021417
VB6_T1,VB6,10,-0.001344,0.002274,0.001344,0.002274
VB6_T1,VB6,30,-0.000491,0.001741,0.000491,0.001741
VB6_T1,VB6,60,-0.000707,0.000926,0.000707,0.000926
VB6_T1,VB6,120,-0.001077,2.9e-05,0.001077,2.9e-05
VB6_T1,VB6,300,-0.00149,0.000477,0.00149,0.000477
VB6_T2,VB6,10,-0.000264,0.002331,0.000264,0.002331
VB6_T2,VB6,30,-0.000644,0.001984,0.000644,0.001984
VB6_T2,VB6,60,-0.00069,0.00128,0.00069,0.00128
VB6_T2,VB6,120,-0.000647,0.000397,0.000647,0.000397
VB6_T2,VB6,300,-0.000439,0.000736,0.000439,0.000736
VB6_T3,VB6,10,0.000715,0.003141,0.000715,0.003141
VB6_T3,VB6,30,0.000946,0.002364,0.000946,0.002364
VB6_T3,VB6,60,0.001809,0.001556,0.001809,0.001556
VB6_T3,VB6,120,0.000876,0.000465,0.000876,0.000465
VB6_T3,VB6,300,0.000833,0.000686,0.000833,0.000686
VB6_T4,VB6,10,0.000797,0.00362,0.000797,0.00362
VB6_T4,VB6,30,0.001736,0.00311,0.001736,0.00311
VB6_T4,VB6,60,0.001561,0.001674,0.001561,0.001674
VB6_T4,VB6,120,0.001529,0.000962,0.001529,0.000962
VB6_T4,VB6,300,0.00145,0.000891,0.00145,0.000891
VB6_T5,VB6,10,0.001013,0.003549,0.001013,0.003549
VB6_T5,VB6,30,0.001781,0.002841,0.001781,0.002841
VB6_T5,VB6,60,0.001415,0.001495,0.001415,0.001495
VB6_T5,VB6,120,0.002327,0.001363,0.002327,0.001363
VB6_T5,VB6,300,0.002213,0.001475,0.002213,0.001475
VB6_T6,VB6,10,0.001365,0.003727,0.001365,0.003727
VB6_T6,VB6,30,0.00205,0.002982,0.00205,0.002982
VB6_T6,VB6,60,0.001889,0.001798,0.001889,0.001798
VB6_T6,VB6,120,0.003431,0.001978,0.003431,0.001978
VB6_T6,VB6,300,0.003077,0.002118,0.003077,0.002118
VB6_T7,VB6,10,0.003233,0.004553,0.003233,0.004553
VB6_T7,VB6,30,0.005957,0.004447,0.005957,0.004447
VB6_T7,VB6,60,0.006909,0.003849,0.006909,0.003849
VB6_T7,VB6,120,0.008357,0.004401,0.008357,0.004401
VB6_T7,VB6,300,0.005912,0.003727,0.005912,0.003727
VB6_T8,VB6,10,0.004214,0.004882,0.004214,0.004882
VB6_T8,VB6,30,0.007323,0.004759,0.007323,0.004759
VB6_T8,VB6,60,0.008374,0.004129,0.008374,0.004129
VB6_T8,VB6,120,0.009685,0.004504,0.009685,0.004504
VB6_T8,VB6,300,0.006011,0.002448,0.006011,0.002448
VB6_T9,VB6,10,0.004118,0.004703,0.004118,0.004703
VB6_T9,VB6,30,0.007444,0.004284,0.007444,0.004284
VB6_T9,VB6,60,0.008212,0.003346,0.008212,0.003346
VB6_T9,VB6,120,0.009285,0.003299,0.009285,0.003299
VB6_T9,VB6,300,0.004215,0.000328,0.004215,0.000328
VB6_T10,VB6,10,0.003833,0.004436,0.003833,0.004436
VB6_T10,VB6,30,0.007241,0.00374,0.007241,0.00374
VB6_T10,VB6,60,0.007814,0.002498,0.007814,0.002498
VB6_T10,VB6,120,0.008855,0.002246,0.008855,0.002246
VB6_T10,VB6,300,0.003252,-0.000956,0.003252,0.000956
VB6_T11,VB6,10,0.003883,0.004424,0.003883,0.004424
VB6_T11,VB6,30,0.007361,0.003689,0.007361,0.003689
VB6_T11,VB6,60,0.007909,0.002435,0.007909,0.002435
VB6_T11,VB6,120,0.008889,0.0021,0.008889,0.0021
VB6_T11,VB6,300,0.002775,-0.001292,0.002775,0.001292
VB6_T12,VB6,10,0.003324,0.003953,0.003324,0.003953
VB6_T12,VB6,30,0.006433,0.003097,0.006433,0.003097
VB6_T12,VB6,60,0.006342,0.001484,0.006342,0.001484
VB6_T12,VB6,120,0.006448,0.000623,0.006448,0.000623
VB6_T12,VB6,300,-0.001074,-0.002835,0.001074,0.002835
V1_T1,V1,10,0.001044,0.000999,0.001044,0.000999
V1_T1,V1,30,-0.000391,0.001395,0.000391,0.001395
V1_T1,V1,60,-0.000376,0.000709,0.000376,0.000709
V1_T1,V1,120,-0.000575,0.000189,0.000575,0.000189
V1_T1,V1,300,0.000208,0.00163,0.000208,0.00163
V1_T2,V1,10,0.001432,0.00181,0.001432,0.00181
V1_T2,V1,30,-0.000273,0.001973,0.000273,0.001973
V1_T2,V1,60,-8.6e-05,0.001174,8.6e-05,0.001174
V1_T2,V1,120,-0.000621,0.000315,0.000621,0.000315
V1_T2,V1,300,7.2e-05,0.002484,7.2e-05,0.002484
V1_T3,V1,10,0.001353,0.003312,0.001353,0.003312
V1_T3,V1,30,-7.3e-05,0.002367,7.3e-05,0.002367
V1_T3,V1,60,0.000309,0.002541,0.000309,0.002541
V1_T3,V1,120,-0.000585,0.000481,0.000585,0.000481
V1_T3,V1,300,0.000757,0.003593,0.000757,0.003593
V1_T4,V1,10,0.001293,0.00426,0.001293,0.00426
V1_T4,V1,30,0.000199,0.00481,0.000199,0.00481
V1_T4,V1,60,0.00076,0.005058,0.00076,0.005058
V1_T4,V1,120,-0.000201,0.00237,0.000201,0.00237
V1_T4,V1,300,0.001052,0.005213,0.001052,0.005213
V1_T5,V1,10,0.001487,0.004995,0.001487,0.004995
V1_T5,V1,30,0.000749,0.005378,0.000749,0.005378
V1_T5,V1,60,0.001367,0.004469,0.001367,0.004469
V1_T5,V1,120,0.000459,0.002327,0.000459,0.002327
V1_T5,V1,300,0.001444,0.005432,0.001444,0.005432
V1_T6,V1,10,0.001261,0.005299,0.001261,0.005299
V1_T6,V1,30,0.000473,0.004666,0.000473,0.004666
V1_T6,V1,60,0.001261,0.004091,0.001261,0.004091
V1_T6,V1,120,0.000437,0.002137,0.000437,0.002137
V1_T6,V1,300,0.001413,0.005216,0.001413,0.005216
V1_T7,V1,10,0.001321,0.005706,0.001321,0.005706
V1_T7,V1,30,0.001306,0.005394,0.001306,0.005394
V1_T7,V1,60,0.002121,0.005022,0.002121,0.005022
V1_T7,V1,120,0.001173,0.00467,0.001173,0.00467
V1_T7,V1,300,0.001908,0.005411,0.001908,0.005411
V1_T8,V1,10,0.001873,0.005904,0.001873,0.005904
V1_T8,V1,30,0.001769,0.005463,0.001769,0.005463
V1_T8,V1,60,0.002533,0.005254,0.002533,0.005254
V1_T8,V1,120,0.001515,0.005234,0.001515,0.005234
V1_T8,V1,300,0.001947,0.004013,0.001947,0.004013
V1_T9,V1,10,0.002213,0.005851,0.002213,0.005851
V1_T9,V1,30,0.00195,0.005009,0.00195,0.005009
V1_T9,V1,60,0.002602,0.004395,0.002602,0.004395
V1_T9,V1,120,0.001672,0.003763,0.001672,0.003763
V1_T9,V1,300,0.0017,0.001545,0.0017,0.001545
V1_T10,V1,10,0.002805,0.005127,0.002805,0.005127
V1_T10,V1,30,0.002266,0.003713,0.002266,0.003713
V1_T10,V1,60,0.002649,0.002484,0.002649,0.002484
V1_T10,V1,120,0.001639,0.001542,0.001639,0.001542
V1_T10,V1,300,0.001556,-0.001685,0.001556,0.001685
V1_T11,V1,10,0.003017,0.00507,0.003017,0.00507
V1_T11,V1,30,0.002422,0.003591,0.002422,0.003591
V1_T11,V1,60,0.00281,0.002178,0.00281,0.002178
V1_T11,V1,120,0.001894,0.001155,0.001894,0.001155
V1_T11,V1,300,0.001799,-0.001511,0.001799,0.001511
V1_T12,V1,10,0.003466,0.005179,0.003466,0.005179
V1_T12,V1,30,0.002709,0.00404,0.002709,0.00404
V1_T12,V1,60,0.003139,0.002449,0.003139,0.002449
V1_T12,V1,120,0.002157,0.00153,0.002157,0.00153
V1_T12,V1,300,0.001801,0.000156,0.001801,0.000156
V2_T1,V2,10,0.000841,0.001931,0.000841,0.001931
V2_T1,V2,30,0.002195,0.002144,0.002195,0.002144
V2_T1,V2,60,0.000552,-0.000636,0.000552,0.000636
V2_T1,V2,120,0.00125,0.000263,0.00125,0.000263
V2_T1,V2,300,0.001573,0.005355,0.001573,0.005355
V2_T2,V2,10,0.001445,0.001932,0.001445,0.001932
V2_T2,V2,30,0.002267,0.002766,0.002267,0.002766
V2_T2,V2,60,0.0001,-0.001766,0.0001,0.001766
V2_T2,V2,120,0.001064,-0.001222,0.001064,0.001222
V2_T2,V2,300,0.001729,0.006421,0.001729,0.006421
V2_T3,V2,10,0.004314,0.00283,0.004314,0.00283
V2_T3,V2,30,-0.000219,-0.000413,0.000219,0.000413
V2_T3,V2,60,0.001362,-0.002344,0.001362,0.002344
V2_T3,V2,120,0.001727,-0.004215,0.001727,0.004215
V2_T3,V2,300,0.002159,0.008621,0.002159,0.008621
V2_T4,V2,10,0.0023,0.000434,0.0023,0.000434
V2_T4,V2,30,0.002696,0.002084,0.002696,0.002084
V2_T4,V2,60,0.007585,0.0029,0.007585,0.0029
V2_T4,V2,120,0.00454,-0.002079,0.00454,0.002079
V2_T4,V2,300,0.00056,0.011027,0.00056,0.011027
V2_T5,V2,10,0.005551,0.002428,0.005551,0.002428
V2_T5,V2,30,0.008157,0.006986,0.008157,0.006986
V2_T5,V2,60,0.008326,0.004187,0.008326,0.004187
V2_T5,V2,120,0.004393,0.000179,0.004393,0.000179
V2_T5,V2,300,-0.003065,0.010649,0.003065,0.010649
V2_T6,V2,10,0.004151,0.002316,0.004151,0.002316
V2_T6,V2,30,0.004318,0.003676,0.004318,0.003676
V2_T6,V2,60,0.004668,0.000744,0.004668,0.000744
V2_T6,V2,120,0.001407,4.4e-05,0.001407,4.4e-05
V2_T6,V2,300,-0.008553,0.007702,0.008553,0.007702
V2_T7,V2,10,-0.000102,-0.000125,0.000102,0.000125
V2_T7,V2,30,-0.00136,0.001689,0.00136,0.001689
V2_T7,V2,60,-0.003155,-0.000899,0.003155,0.000899
V2_T7,V2,120,-0.008735,-0.000304,0.008735,0.000304
V2_T7,V2,300,-0.01944,0.002653,0.01944,0.002653
V2_T8,V2,10,-0.004359,-0.001109,0.004359,0.001109
V2_T8,V2,30,-0.007601,0.000191,0.007601,0.000191
V2_T8,V2,60,-0.010052,-0.000994,0.010052,0.000994
V2_T8,V2,120,-0.013769,-4.6e-05,0.013769,4.6e-05
V2_T8,V2,300,-0.01958,0.004189,0.01958,0.004189
V2_T9,V2,10,-0.002939,-0.000164,0.002939,0.000164
V2_T9,V2,30,-0.005071,0.001896,0.005071,0.001896
V2_T9,V2,60,-0.006238,0.00224,0.006238,0.00224
V2_T9,V2,120,-0.008848,0.00342,0.008848,0.00342
V2_T9,V2,300,-0.007785,0.014519,0.007785,0.014519
V2_T10,V2,10,-0.002172,-0.001166,0.002172,0.001166
V2_T10,V2,30,-0.003887,0.000752,0.003887,0.000752
V2_T10,V2,60,-0.005139,0.000576,0.005139,0.000576
V2_T10,V2,120,-0.008474,0.000162,0.008474,0.000162
V2_T10,V2,300,-0.012904,1e-05,0.012904,1e-05
V2_T11,V2,10,-0.002307,-0.002053,0.002307,0.002053
V2_T11,V2,30,-0.004135,-0.000199,0.004135,0.000199
V2_T11,V2,60,-0.005877,-0.001431,0.005877,0.001431
V2_T11,V2,120,-0.009121,-0.002692,0.009121,0.002692
V2_T11,V2,300,-0.010844,-0.002107,0.010844,0.002107
V2_T12,V2,10,-0.000629,0.000329,0.000629,0.000329
V2_T12,V2,30,-0.001184,0.002133,0.001184,0.002133
V2_T12,V2,60,-0.001933,0.00051,0.001933,0.00051
V2_T12,V2,120,-0.003433,-3.3e-05,0.003433,3.3e-05
V2_T12,V2,300,-0.002828,0.006389,0.002828,0.006389
V3_T1,V3,10,0.001121,-0.000227,0.001121,0.000227
V3_T1,V3,30,0.001166,0.000963,0.001166,0.000963
V3_T1,V3,60,0.000928,0.000849,0.000928,0.000849
V3_T1,V3,120,0.000468,0.000464,0.000468,0.000464
V3_T1,V3,300,0.000477,0.000336,0.000477,0.000336
V3_T2,V3,10,0.003006,0.001685,0.003006,0.001685
V3_T2,V3,30,0.001586,0.001727,0.001586,0.001727
V3_T2,V3,60,0.001466,0.001739,0.001466,0.001739
V3_T2,V3,120,0.000745,0.000869,0.000745,0.000869
V3_T2,V3,300,0.001125,0.000842,0.001125,0.000842
V3_T3,V3,10,0.002769,0.002493,0.002769,0.002493
V3_T3,V3,30,0.000464,0.002317,0.000464,0.002317
V3_T3,V3,60,0.001901,0.00254,0.001901,0.00254
V3_T3,V3,120,-0.000234,0.001184,0.000234,0.001184
V3_T3,V3,300,0.001333,0.000881,0.001333,0.000881
V3_T4,V3,10,0.003829,0.004499,0.003829,0.004499
V3_T4,V3,30,0.002608,0.00368,0.002608,0.00368
V3_T4,V3,60,0.003988,0.003046,0.003988,0.003046
V3_T4,V3,120,0.001397,0.002804,0.001397,0.002804
V3_T4,V3,300,0.002832,0.002402,0.002832,0.002402
V3_T5,V3,10,0.003725,0.003886,0.003725,0.003886
V3_T5,V3,30,0.002891,0.002294,0.002891,0.002294
V3_T5,V3,60,0.003894,0.00234,0.003894,0.00234
V3_T5,V3,120,0.001634,0.00225,0.001634,0.00225
V3_T5,V3,300,0.003367,0.003453,0.003367,0.003453
V3_T6,V3,10,0.004216,0.004573,0.004216,0.004573
V3_T6,V3,30,0.003453,0.003545,0.003453,0.003545
V3_T6,V3,60,0.00463,0.00396,0.00463,0.00396
V3_T6,V3,120,0.002472,0.003334,0.002472,0.003334
V3_T6,V3,300,0.004066,0.005006,0.004066,0.005006
V3_T7,V3,10,0.004455,0.006389,0.004455,0.006389
V3_T7,V3,30,0.004169,0.004944,0.004169,0.004944
V3_T7,V3,60,0.005192,0.005641,0.005192,0.005641
V3_T7,V3,120,0.004259,0.006712,0.004259,0.006712
V3_T7,V3,300,0.004148,0.008465,0.004148,0.008465
V3_T8,V3,10,0.00373,0.006994,0.00373,0.006994
V3_T8,V3,30,0.004093,0.006341,0.004093,0.006341
V3_T8,V3,60,0.005651,0.007751,0.005651,0.007751
V3_T8,V3,120,0.00427,0.009372,0.00427,0.009372
V3_T8,V3,300,0.003969,0.008813,0.003969,0.008813
V3_T9,V3,10,0.003897,0.006365,0.003897,0.006365
V3_T9,V3,30,0.004182,0.005183,0.004182,0.005183
V3_T9,V3,60,0.00552,0.005982,0.00552,0.005982
V3_T9,V3,120,0.004257,0.006842,0.004257,0.006842
V3_T9,V3,300,0.002754,0.001971,0.002754,0.001971
V3_T10,V3,10,0.004567,0.006218,0.004567,0.006218
V3_T10,V3,30,0.004274,0.004249,0.004274,0.004249
V3_T10,V3,60,0.00513,0.005008,0.00513,0.005008
V3_T10,V3,120,0.003613,0.006155,0.003613,0.006155
V3_T10,V3,300,0.00301,0.0063,0.00301,0.0063
V3_T11,V3,10,0.004634,0.006568,0.004634,0.006568
V3_T11,V3,30,0.00438,0.00486,0.00438,0.00486
V3_T11,V3,60,0.0056,0.00614,0.0056,0.00614
V3_T11,V3,120,0.004255,0.007615,0.004255,0.007615
V3_T11,V3,300,0.003734,0.008486,0.003734,0.008486
V3_T12,V3,10,0.003927,0.005181,0.003927,0.005181
V3_T12,V3,30,0.003718,0.003923,0.003718,0.003923
V3_T12,V3,60,0.004518,0.004702,0.004518,0.004702
V3_T12,V3,120,0.002634,0.004984,0.002634,0.004984
V3_T12,V3,300,0.002483,0.003649,0.002483,0.003649
V4_T1,V4,10,0.001443,0.000547,0.001443,0.000547
V4_T1,V4,30,0.000666,0.001203,0.000666,0.001203
V4_T1,V4,60,0.000788,0.000538,0.000788,0.000538
V4_T1,V4,120,0.000244,0.000121,0.000244,0.000121
V4_T1,V4,300,0.00042,0.001469,0.00042,0.001469
V4_T2,V4,10,0.002625,0.001629,0.002625,0.001629
V4_T2,V4,30,0.000876,0.001973,0.000876,0.001973
V4_T2,V4,60,0.001138,0.001027,0.001138,0.001027
V4_T2,V4,120,0.000422,0.000288,0.000422,0.000288
V4_T2,V4,300,0.000834,0.002364,0.000834,0.002364
V4_T3,V4,10,0.002319,0.003327,0.002319,0.003327
V4_T3,V4,30,0.000116,0.002304,0.000116,0.002304
V4_T3,V4,60,0.001865,0.00253,0.001865,0.00253
V4_T3,V4,120,0.000311,0.000478,0.000311,0.000478
V4_T3,V4,300,0.001391,0.003595,0.001391,0.003595
V4_T4,V4,10,0.002207,0.004221,0.002207,0.004221
V4_T4,V4,30,0.001378,0.004777,0.001378,0.004777
V4_T4,V4,60,0.002916,0.00503,0.002916,0.00503
V4_T4,V4,120,0.001089,0.002349,0.001089,0.002349
V4_T4,V4,300,0.001844,0.005166,0.001844,0.005166
V4_T5,V4,10,0.002547,0.004989,0.002547,0.004989
V4_T5,V4,30,0.002121,0.005398,0.002121,0.005398
V4_T5,V4,60,0.003015,0.004505,0.003015,0.004505
V4_T5,V4,120,0.001496,0.002337,0.001496,0.002337
V4_T5,V4,300,0.002042,0.005458,0.002042,0.005458
V4_T6,V4,10,0.002571,0.005336,0.002571,0.005336
V4_T6,V4,30,0.001913,0.004703,0.001913,0.004703
V4_T6,V4,60,0.002861,0.004108,0.002861,0.004108
V4_T6,V4,120,0.001396,0.002154,0.001396,0.002154
V4_T6,V4,300,0.002074,0.005226,0.002074,0.005226
V4_T7,V4,10,0.002515,0.005693,0.002515,0.005693
V4_T7,V4,30,0.002644,0.005385,0.002644,0.005385
V4_T7,V4,60,0.0034,0.00501,0.0034,0.00501
V4_T7,V4,120,0.002154,0.004667,0.002154,0.004667
V4_T7,V4,300,0.002251,0.005422,0.002251,0.005422
V4_T8,V4,10,0.002581,0.0059,0.002581,0.0059
V4_T8,V4,30,0.002579,0.005454,0.002579,0.005454
V4_T8,V4,60,0.003281,0.005243,0.003281,0.005243
V4_T8,V4,120,0.001982,0.005225,0.001982,0.005225
V4_T8,V4,300,0.002045,0.004019,0.002045,0.004019
V4_T9,V4,10,0.002657,0.00585,0.002657,0.00585
V4_T9,V4,30,0.002502,0.005009,0.002502,0.005009
V4_T9,V4,60,0.003153,0.004398,0.003153,0.004398
V4_T9,V4,120,0.002011,0.003763,0.002011,0.003763
V4_T9,V4,300,0.001703,0.001548,0.001703,0.001548
V4_T10,V4,10,0.003095,0.005126,0.003095,0.005126
V4_T10,V4,30,0.002613,0.003717,0.002613,0.003717
V4_T10,V4,60,0.003052,0.002484,0.003052,0.002484
V4_T10,V4,120,0.001866,0.001545,0.001866,0.001545
V4_T10,V4,300,0.001518,-0.001682,0.001518,0.001682
V4_T11,V4,10,0.003258,0.005074,0.003258,0.005074
V4_T11,V4,30,0.002734,0.003594,0.002734,0.003594
V4_T11,V4,60,0.003205,0.00218,0.003205,0.00218
V4_T11,V4,120,0.002139,0.001156,0.002139,0.001156
V4_T11,V4,300,0.001819,-0.001513,0.001819,0.001513
V4_T12,V4,10,0.003581,0.005179,0.003581,0.005179
V4_T12,V4,30,0.002879,0.00404,0.002879,0.00404
V4_T12,V4,60,0.003354,0.002449,0.003354,0.002449
V4_T12,V4,120,0.002271,0.00153,0.002271,0.00153
V4_T12,V4,300,0.001792,0.000155,0.001792,0.000155
V5,V5,10,0.004011,0.004957,0.004011,0.004957
V5,V5,30,0.003214,0.004862,0.003214,0.004862
V5,V5,60,0.004264,0.003733,0.004264,0.003733
V5,V5,120,0.003062,0.00234,0.003062,0.00234
V5,V5,300,0.002373,0.002227,0.002373,0.002227
V8_T1_T2,V8,10,0.003102,0.004351,0.003102,0.004351
V8_T1_T2,V8,30,0.001213,0.002692,0.001213,0.002692
V8_T1_T2,V8,60,0.000695,0.001478,0.000695,0.001478
V8_T1_T2,V8,120,0.000103,0.000235,0.000103,0.000235
V8_T1_T2,V8,300,0.00116,0.001274,0.00116,0.001274
V8_T1_T3,V8,10,0.002175,0.006037,0.002175,0.006037
V8_T1_T3,V8,30,-0.000376,0.002371,0.000376,0.002371
V8_T1_T3,V8,60,0.002468,0.00365,0.002468,0.00365
V8_T1_T3,V8,120,-0.000305,0.000224,0.000305,0.000224
V8_T1_T3,V8,300,0.002088,0.004115,0.002088,0.004115
V8_T1_T4,V8,10,0.002165,0.007393,0.002165,0.007393
V8_T1_T4,V8,30,0.002689,0.006575,0.002689,0.006575
V8_T1_T4,V8,60,0.004904,0.008019,0.004904,0.008019
V8_T1_T4,V8,120,0.001712,0.003741,0.001712,0.003741
V8_T1_T4,V8,300,0.003145,0.007158,0.003145,0.007158
V8_T1_T5,V8,10,0.002837,0.008853,0.002837,0.008853
V8_T1_T5,V8,30,0.003924,0.007338,0.003924,0.007338
V8_T1_T5,V8,60,0.00494,0.007264,0.00494,0.007264
V8_T1_T5,V8,120,0.002334,0.004001,0.002334,0.004001
V8_T1_T5,V8,300,0.003428,0.008165,0.003428,0.008165
V8_T1_T6,V8,10,0.003064,0.009628,0.003064,0.009628
V8_T1_T6,V8,30,0.003499,0.006045,0.003499,0.006045
V8_T1_T6,V8,60,0.004741,0.006537,0.004741,0.006537
V8_T1_T6,V8,120,0.002347,0.003814,0.002347,0.003814
V8_T1_T6,V8,300,0.003723,0.007806,0.003723,0.007806
V8_T1_T7,V8,10,0.003347,0.009792,0.003347,0.009792
V8_T1_T7,V8,30,0.005244,0.007246,0.005244,0.007246
V8_T1_T7,V8,60,0.006119,0.008186,0.006119,0.008186
V8_T1_T7,V8,120,0.004009,0.008464,0.004009,0.008464
V8_T1_T7,V8,300,0.004107,0.007855,0.004107,0.007855
V8_T1_T8,V8,10,0.004059,0.00941,0.004059,0.00941
V8_T1_T8,V8,30,0.005266,0.006879,0.005266,0.006879
V8_T1_T8,V8,60,0.006018,0.008091,0.006018,0.008091
V8_T1_T8,V8,120,0.00381,0.008773,0.00381,0.008773
V8_T1_T8,V8,300,0.003832,0.00438,0.003832,0.00438
V8_T1_T9,V8,10,0.004319,0.00911,0.004319,0.00911
V8_T1_T9,V8,30,0.005139,0.005702,0.005139,0.005702
V8_T1_T9,V8,60,0.005781,0.006161,0.005781,0.006161
V8_T1_T9,V8,120,0.003903,0.005333,0.003903,0.005333
V8_T1_T9,V8,300,0.003097,-0.000627,0.003097,0.000627
V8_T1_T10,V8,10,0.005137,0.007656,0.005137,0.007656
V8_T1_T10,V8,30,0.005252,0.003395,0.005252,0.003395
V8_T1_T10,V8,60,0.005472,0.002789,0.005472,0.002789
V8_T1_T10,V8,120,0.003462,0.001241,0.003462,0.001241
V8_T1_T10,V8,300,0.002649,-0.006325,0.002649,0.006325
V8_T1_T11,V8,10,0.005486,0.007416,0.005486,0.007416
V8_T1_T11,V8,30,0.005494,0.003091,0.005494,0.003091
V8_T1_T11,V8,60,0.005778,0.002178,0.005778,0.002178
V8_T1_T11,V8,120,0.004023,0.000393,0.004023,0.000393
V8_T1_T11,V8,300,0.003305,-0.006079,0.003305,0.006079
V8_T1_T12,V8,10,0.005984,0.007402,0.005984,0.007402
V8_T1_T12,V8,30,0.005855,0.003791,0.005855,0.003791
V8_T1_T12,V8,60,0.006033,0.002326,0.006033,0.002326
V8_T1_T12,V8,120,0.004288,0.000861,0.004288,0.000861
V8_T1_T12,V8,300,0.003259,-0.003368,0.003259,0.003368
V8_T2_T3,V8,10,0.000849,0.00585,0.000849,0.00585
V8_T2_T3,V8,30,-0.001446,0.001095,0.001446,0.001095
V8_T2_T3,V8,60,0.003098,0.003954,0.003098,0.003954
V8_T2_T3,V8,120,-0.000497,-0.000315,0.000497,0.000315
V8_T2_T3,V8,300,0.002179,0.003034,0.002179,0.003034
V8_T2_T4,V8,10,0.001116,0.007694,0.001116,0.007694
V8_T2_T4,V8,30,0.003144,0.006442,0.003144,0.006442
V8_T2_T4,V8,60,0.006453,0.008968,0.006453,0.008968
V8_T2_T4,V8,120,0.002276,0.004181,0.002276,0.004181
V8_T2_T4,V8,300,0.003635,0.006441,0.003635,0.006441
V8_T2_T5,V8,10,0.002117,0.008974,0.002117,0.008974
V8_T2_T5,V8,30,0.004558,0.007074,0.004558,0.007074
V8_T2_T5,V8,60,0.006121,0.007784,0.006121,0.007784
V8_T2_T5,V8,120,0.002866,0.004287,0.002866,0.004287
V8_T2_T5,V8,300,0.004035,0.007677,0.004035,0.007677
V8_T2_T6,V8,10,0.002533,0.009548,0.002533,0.009548
V8_T2_T6,V8,30,0.003922,0.00553,0.003922,0.00553
V8_T2_T6,V8,60,0.005662,0.006941,0.005662,0.006941
V8_T2_T6,V8,120,0.00301,0.004177,0.00301,0.004177
V8_T2_T6,V8,300,0.004604,0.007443,0.004604,0.007443
V8_T2_T7,V8,10,0.003101,0.009198,0.003101,0.009198
V8_T2_T7,V8,30,0.00655,0.006504,0.00655,0.006504
V8_T2_T7,V8,60,0.007542,0.009022,0.007542,0.009022
V8_T2_T7,V8,120,0.00535,0.010049,0.00535,0.010049
V8_T2_T7,V8,300,0.005313,0.008099,0.005313,0.008099
V8_T2_T8,V8,10,0.004144,0.008758,0.004144,0.008758
V8_T2_T8,V8,30,0.006696,0.005953,0.006696,0.005953
V8_T2_T8,V8,60,0.007187,0.008727,0.007187,0.008727
V8_T2_T8,V8,120,0.00511,0.010122,0.00511,0.010122
V8_T2_T8,V8,300,0.004978,0.003411,0.004978,0.003411
V8_T2_T9,V8,10,0.004289,0.008188,0.004289,0.008188
V8_T2_T9,V8,30,0.00659,0.004485,0.00659,0.004485
V8_T2_T9,V8,60,0.006822,0.006122,0.006822,0.006122
V8_T2_T9,V8,120,0.005232,0.005792,0.005232,0.005792
V8_T2_T9,V8,300,0.003957,-0.002693,0.003957,0.002693
V8_T2_T10,V8,10,0.005038,0.006516,0.005038,0.006516
V8_T2_T10,V8,30,0.006597,0.001782,0.006597,0.001782
V8_T2_T10,V8,60,0.006062,0.002269,0.006062,0.002269
V8_T2_T10,V8,120,0.004411,0.001072,0.004411,0.001072
V8_T2_T10,V8,300,0.003198,-0.00915,0.003198,0.00915
V8_T2_T11,V8,10,0.005444,0.006164,0.005444,0.006164
V8_T2_T11,V8,30,0.006883,0.001305,0.006883,0.001305
V8_T2_T11,V8,60,0.006359,0.001504,0.006359,0.001504
V8_T2_T11,V8,120,0.005127,-8e-06,0.005127,8e-06
V8_T2_T11,V8,300,0.004053,-0.008892,0.004053,0.008892
V8_T2_T12,V8,10,0.005793,0.006402,0.005793,0.006402
V8_T2_T12,V8,30,0.007309,0.002003,0.007309,0.002003
V8_T2_T12,V8,60,0.006504,0.001545,0.006504,0.001545
V8_T2_T12,V8,120,0.00539,0.000369,0.00539,0.000369
V8_T2_T12,V8,300,0.003933,-0.005681,0.003933,0.005681
V8_T3_T4,V8,10,0.001825,0.004489,0.001825,0.004489
V8_T3_T4,V8,30,0.009958,0.007912,0.009958,0.007912
V8_T3_T4,V8,60,0.008545,0.006835,0.008545,0.006835
V8_T3_T4,V8,120,0.005414,0.006013,0.005414,0.006013
V8_T3_T4,V8,300,0.004942,0.005225,0.004942,0.005225
V8_T3_T5,V8,10,0.003598,0.005984,0.003598,0.005984
V8_T3_T5,V8,30,0.01135,0.008028,0.01135,0.008028
V8_T3_T5,V8,60,0.007478,0.006476,0.007478,0.006476
V8_T3_T5,V8,120,0.005442,0.006196,0.005442,0.006196
V8_T3_T5,V8,300,0.005541,0.008086,0.005541,0.008086
V8_T3_T6,V8,10,0.003821,0.006688,0.003821,0.006688
V8_T3_T6,V8,30,0.009215,0.006403,0.009215,0.006403
V8_T3_T6,V8,60,0.006146,0.005986,0.006146,0.005986
V8_T3_T6,V8,120,0.005841,0.006122,0.005841,0.006122
V8_T3_T6,V8,300,0.006429,0.008143,0.006429,0.008143
V8_T3_T7,V8,10,0.005508,0.006516,0.005508,0.006516
V8_T3_T7,V8,30,0.011408,0.008402,0.011408,0.008402
V8_T3_T7,V8,60,0.008608,0.009349,0.008608,0.009349
V8_T3_T7,V8,120,0.009032,0.014919,0.009032,0.014919
V8_T3_T7,V8,300,0.00754,0.010148,0.00754,0.010148
V8_T3_T8,V8,10,0.00601,0.00536,0.00601,0.00536
V8_T3_T8,V8,30,0.011079,0.006726,0.011079,0.006726
V8_T3_T8,V8,60,0.007646,0.00799,0.007646,0.00799
V8_T3_T8,V8,120,0.008567,0.013518,0.008567,0.013518
V8_T3_T8,V8,300,0.006921,0.002912,0.006921,0.002912
V8_T3_T9,V8,10,0.005921,0.004824,0.005921,0.004824
V8_T3_T9,V8,30,0.010667,0.004456,0.010667,0.004456
V8_T3_T9,V8,60,0.007179,0.004287,0.007179,0.004287
V8_T3_T9,V8,120,0.008659,0.007804,0.008659,0.007804
V8_T3_T9,V8,300,0.005017,-0.00543,0.005017,0.00543
V8_T3_T10,V8,10,0.006015,0.003055,0.006015,0.003055
V8_T3_T10,V8,30,0.009588,0.001623,0.009588,0.001623
V8_T3_T10,V8,60,0.005413,1.2e-05,0.005413,1.2e-05
V8_T3_T10,V8,120,0.006718,0.002014,0.006718,0.002014
V8_T3_T10,V8,300,0.003569,-0.013284,0.003569,0.013284
V8_T3_T11,V8,10,0.006245,0.002558,0.006245,0.002558
V8_T3_T11,V8,30,0.009777,0.001123,0.009777,0.001123
V8_T3_T11,V8,60,0.005764,-0.000943,0.005764,0.000943
V8_T3_T11,V8,120,0.00762,0.000502,0.00762,0.000502
V8_T3_T11,V8,300,0.004707,-0.013145,0.004707,0.013145
V8_T3_T12,V8,10,0.00661,0.002529,0.00661,0.002529
V8_T3_T12,V8,30,0.010017,0.001297,0.010017,0.001297
V8_T3_T12,V8,60,0.005749,-0.000958,0.005749,0.000958
V8_T3_T12,V8,120,0.007621,0.000288,0.007621,0.000288
V8_T3_T12,V8,300,0.004478,-0.009454,0.004478,0.009454
V8_T4_T5,V8,10,0.005482,0.003472,0.005482,0.003472
V8_T4_T5,V8,30,0.007826,-0.000778,0.007826,0.000778
V8_T4_T5,V8,60,0.001135,-0.002789,0.001135,0.002789
V8_T4_T5,V8,120,0.002127,0.001727,0.002127,0.001727
V8_T4_T5,V8,300,0.004403,0.00456,0.004403,0.00456
V8_T4_T6,V8,10,0.004764,0.005398,0.004764,0.005398
V8_T4_T6,V8,30,0.003921,-0.000438,0.003921,0.000438
V8_T4_T6,V8,60,-0.000816,-0.001584,0.000816,0.001584
V8_T4_T6,V8,120,0.001994,0.002086,0.001994,0.002086
V8_T4_T6,V8,300,0.004858,0.005214,0.004858,0.005214
V8_T4_T7,V8,10,0.005235,0.006521,0.005235,0.006521
V8_T4_T7,V8,30,0.006844,0.004933,0.006844,0.004933
V8_T4_T7,V8,60,0.002989,0.005695,0.002989,0.005695
V8_T4_T7,V8,120,0.007342,0.014074,0.007342,0.014074
V8_T4_T7,V8,300,0.007397,0.008482,0.007397,0.008482
V8_T4_T8,V8,10,0.005317,0.005434,0.005317,0.005434
V8_T4_T8,V8,30,0.006022,0.003533,0.006022,0.003533
V8_T4_T8,V8,60,0.001702,0.004558,0.001702,0.004558
V8_T4_T8,V8,120,0.007192,0.012116,0.007192,0.012116
V8_T4_T8,V8,300,0.006543,0.000436,0.006543,0.000436
V8_T4_T9,V8,10,0.0051,0.004352,0.0051,0.004352
V8_T4_T9,V8,30,0.005792,0.000674,0.005792,0.000674
V8_T4_T9,V8,60,0.001999,0.000334,0.001999,0.000334
V8_T4_T9,V8,120,0.007417,0.005992,0.007417,0.005992
V8_T4_T9,V8,300,0.004072,-0.008516,0.004072,0.008516
V8_T4_T10,V8,10,0.004359,0.002658,0.004359,0.002658
V8_T4_T10,V8,30,0.004004,-0.00225,0.004004,0.00225
V8_T4_T10,V8,60,-9.7e-05,-0.004239,9.7e-05,0.004239
V8_T4_T10,V8,120,0.005112,-0.000246,0.005112,0.000246
V8_T4_T10,V8,300,0.002274,-0.017444,0.002274,0.017444
V8_T4_T11,V8,10,0.004574,0.002384,0.004574,0.002384
V8_T4_T11,V8,30,0.004322,-0.002495,0.004322,0.002495
V8_T4_T11,V8,60,0.000648,-0.005451,0.000648,0.005451
V8_T4_T11,V8,120,0.006188,-0.002248,0.006188,0.002248
V8_T4_T11,V8,300,0.003556,-0.017511,0.003556,0.017511
V8_T4_T12,V8,10,0.004543,0.001966,0.004543,0.001966
V8_T4_T12,V8,30,0.004162,-0.002035,0.004162,0.002035
V8_T4_T12,V8,60,0.00058,-0.005156,0.00058,0.005156
V8_T4_T12,V8,120,0.005874,-0.003569,0.005874,0.003569
V8_T4_T12,V8,300,0.003163,-0.014152,0.003163,0.014152
V8_T5_T6,V8,10,0.00069,0.003513,0.00069,0.003513
V8_T5_T6,V8,30,-0.004197,-0.004381,0.004197,0.004381
V8_T5_T6,V8,60,-0.00301,-0.000922,0.00301,0.000922
V8_T5_T6,V8,120,0.000296,0.002331,0.000296,0.002331
V8_T5_T6,V8,300,0.002712,0.003793,0.002712,0.003793
V8_T5_T7,V8,10,0.001757,0.004383,0.001757,0.004383
V8_T5_T7,V8,30,0.002307,0.003011,0.002307,0.003011
V8_T5_T7,V8,60,0.003728,0.007009,0.003728,0.007009
V8_T5_T7,V8,120,0.008624,0.015619,0.008624,0.015619
V8_T5_T7,V8,300,0.007961,0.008343,0.007961,0.008343
V8_T5_T8,V8,10,0.001569,0.003811,0.001569,0.003811
V8_T5_T8,V8,30,0.001536,0.00247,0.001536,0.00247
V8_T5_T8,V8,60,0.002566,0.006265,0.002566,0.006265
V8_T5_T8,V8,120,0.008573,0.013407,0.008573,0.013407
V8_T5_T8,V8,300,0.006638,-0.000481,0.006638,0.000481
V8_T5_T9,V8,10,0.001752,0.003006,0.001752,0.003006
V8_T5_T9,V8,30,0.002175,-0.000125,0.002175,0.000125
V8_T5_T9,V8,60,0.00348,0.002116,0.00348,0.002116
V8_T5_T9,V8,120,0.008567,0.006952,0.008567,0.006952
V8_T5_T9,V8,300,0.003691,-0.009697,0.003691,0.009697
V8_T5_T10,V8,10,0.001163,0.001177,0.001163,0.001177
V8_T5_T10,V8,30,0.000537,-0.003253,0.000537,0.003253
V8_T5_T10,V8,60,0.00099,-0.003238,0.00099,0.003238
V8_T5_T10,V8,120,0.006137,0.000215,0.006137,0.000215
V8_T5_T10,V8,300,0.001567,-0.01933,0.001567,0.01933
V8_T5_T11,V8,10,0.001594,0.000717,0.001594,0.000717
V8_T5_T11,V8,30,0.001231,-0.003878,0.001231,0.003878
V8_T5_T11,V8,60,0.001972,-0.004923,0.001972,0.004923
V8_T5_T11,V8,120,0.007288,-0.002288,0.007288,0.002288
V8_T5_T11,V8,300,0.002828,-0.019622,0.002828,0.019622
V8_T5_T12,V8,10,0.00162,0.000361,0.00162,0.000361
V8_T5_T12,V8,30,0.001356,-0.003334,0.001356,0.003334
V8_T5_T12,V8,60,0.002013,-0.005083,0.002013,0.005083
V8_T5_T12,V8,120,0.00678,-0.00466,0.00678,0.00466
V8_T5_T12,V8,300,0.002213,-0.016509,0.002213,0.016509
V8_T6_T7,V8,10,0.002503,0.003571,0.002503,0.003571
V8_T6_T7,V8,30,0.006222,0.006721,0.006222,0.006721
V8_T6_T7,V8,60,0.006613,0.009676,0.006613,0.009676
V8_T6_T7,V8,120,0.011683,0.019184,0.011683,0.019184
V8_T6_T7,V8,300,0.008937,0.010276,0.008937,0.010276
V8_T6_T8,V8,10,0.002483,0.003363,0.002483,0.003363
V8_T6_T8,V8,30,0.005142,0.006263,0.005142,0.006263
V8_T6_T8,V8,60,0.005371,0.00798,0.005371,0.00798
V8_T6_T8,V8,120,0.011601,0.015706,0.011601,0.015706
V8_T6_T8,V8,300,0.007073,0.000453,0.007073,0.000453
V8_T6_T9,V8,10,0.003005,0.00257,0.003005,0.00257
V8_T6_T9,V8,30,0.005955,0.0035,0.005955,0.0035
V8_T6_T9,V8,60,0.006228,0.003601,0.006228,0.003601
V8_T6_T9,V8,120,0.010967,0.008762,0.010967,0.008762
V8_T6_T9,V8,300,0.003603,-0.009513,0.003603,0.009513
V8_T6_T10,V8,10,0.002074,0.000426,0.002074,0.000426
V8_T6_T10,V8,30,0.003621,-0.00031,0.003621,0.00031
V8_T6_T10,V8,60,0.003349,-0.001918,0.003349,0.001918
V8_T6_T10,V8,120,0.008227,0.001818,0.008227,0.001818
V8_T6_T10,V8,300,0.001011,-0.01911,0.001011,0.01911
V8_T6_T11,V8,10,0.002597,-9.1e-05,0.002597,9.1e-05
V8_T6_T11,V8,30,0.004338,-0.00123,0.004338,0.00123
V8_T6_T11,V8,60,0.00424,-0.003755,0.00424,0.003755
V8_T6_T11,V8,120,0.00924,-0.000996,0.00924,0.000996
V8_T6_T11,V8,300,0.002164,-0.019353,0.002164,0.019353
V8_T6_T12,V8,10,0.002717,-0.000694,0.002717,0.000694
V8_T6_T12,V8,30,0.004241,-0.001164,0.004241,0.001164
V8_T6_T12,V8,60,0.00393,-0.004542,0.00393,0.004542
V8_T6_T12,V8,120,0.008453,-0.00418,0.008453,0.00418
V8_T6_T12,V8,300,0.001359,-0.016581,0.001359,0.016581
V8_T7_T8,V8,10,0.002188,0.002451,0.002188,0.002451
V8_T7_T8,V8,30,0.003371,0.001415,0.003371,0.001415
V8_T7_T8,V8,60,0.003965,0.000761,0.003965,0.000761
V8_T7_T8,V8,120,0.005495,0.002806,0.005495,0.002806
V8_T7_T8,V8,300,-0.002196,-0.011604,0.002196,0.011604
V8_T7_T9,V8,10,0.002667,0.00086,0.002667,0.00086
V8_T7_T9,V8,30,0.004155,-0.001832,0.004155,0.001832
V8_T7_T9,V8,60,0.00459,-0.003626,0.00459,0.003626
V8_T7_T9,V8,120,0.003932,-0.003402,0.003932,0.003402
V8_T7_T9,V8,300,-0.006054,-0.021185,0.006054,0.021185
V8_T7_T10,V8,10,0.001327,-0.00153,0.001327,0.00153
V8_T7_T10,V8,30,0.00146,-0.005475,0.00146,0.005475
V8_T7_T10,V8,60,0.001283,-0.009039,0.001283,0.009039
V8_T7_T10,V8,120,0.00067,-0.009706,0.00067,0.009706
V8_T7_T10,V8,300,-0.009175,-0.027371,0.009175,0.027371
V8_T7_T11,V8,10,0.00156,-0.002085,0.00156,0.002085
V8_T7_T11,V8,30,0.00172,-0.006617,0.00172,0.006617
V8_T7_T11,V8,60,0.001585,-0.010976,0.001585,0.010976
V8_T7_T11,V8,120,0.001304,-0.011833,0.001304,0.011833
V8_T7_T11,V8,300,-0.007405,-0.024602,0.007405,0.024602
V8_T7_T12,V8,10,0.001612,-0.002327,0.001612,0.002327
V8_T7_T12,V8,30,0.002022,-0.00575,0.002022,0.00575
V8_T7_T12,V8,60,0.00214,-0.010459,0.00214,0.010459
V8_T7_T12,V8,120,0.001817,-0.0124,0.001817,0.0124
V8_T7_T12,V8,300,-0.008155,-0.019943,0.008155,0.019943
V8_T8_T9,V8,10,0.000696,-0.00082,0.000696,0.00082
V8_T8_T9,V8,30,0.000762,-0.004019,0.000762,0.004019
V8_T8_T9,V8,60,-0.000146,-0.008194,0.000146,0.008194
V8_T8_T9,V8,120,-0.004312,-0.01186,0.004312,0.01186
V8_T8_T9,V8,300,-0.011795,-0.022232,0.011795,0.022232
V8_T8_T10,V8,10,-0.001293,-0.002546,0.001293,0.002546
V8_T8_T10,V8,30,-0.002944,-0.00727,0.002944,0.00727
V8_T8_T10,V8,60,-0.004715,-0.012682,0.004715,0.012682
V8_T8_T10,V8,120,-0.008183,-0.016774,0.008183,0.016774
V8_T8_T10,V8,300,-0.016468,-0.029617,0.016468,0.029617
V8_T8_T11,V8,10,-0.000954,-0.002399,0.000954,0.002399
V8_T8_T11,V8,30,-0.002456,-0.007313,0.002456,0.007313
V8_T8_T11,V8,60,-0.004101,-0.013213,0.004101,0.013213
V8_T8_T11,V8,120,-0.006734,-0.016625,0.006734,0.016625
V8_T8_T11,V8,300,-0.01333,-0.023555,0.01333,0.023555
V8_T8_T12,V8,10,-0.001039,-0.001765,0.001039,0.001765
V8_T8_T12,V8,30,-0.002242,-0.004756,0.002242,0.004756
V8_T8_T12,V8,60,-0.00354,-0.01017,0.00354,0.01017
V8_T8_T12,V8,120,-0.005938,-0.013834,0.005938,0.013834
V8_T8_T12,V8,300,-0.014748,-0.016751,0.014748,0.016751
V8_T9_T10,V8,10,-0.003613,-0.0041,0.003613,0.0041
V8_T9_T10,V8,30,-0.007012,-0.008122,0.007012,0.008122
V8_T9_T10,V8,60,-0.009628,-0.013298,0.009628,0.013298
V8_T9_T10,V8,120,-0.011802,-0.015812,0.011802,0.015812
V8_T9_T10,V8,300,-0.018322,-0.025603,0.018322,0.025603
V8_T9_T11,V8,10,-0.003155,-0.003925,0.003155,0.003925
V8_T9_T11,V8,30,-0.006235,-0.007791,0.006235,0.007791
V8_T9_T11,V8,60,-0.008609,-0.013171,0.008609,0.013171
V8_T9_T11,V8,120,-0.009863,-0.015348,0.009863,0.015348
V8_T9_T11,V8,300,-0.013769,-0.021127,0.013769,0.021127
V8_T9_T12,V8,10,-0.00313,-0.002546,0.00313,0.002546
V8_T9_T12,V8,30,-0.005771,-0.004277,0.005771,0.004277
V8_T9_T12,V8,60,-0.007847,-0.009245,0.007847,0.009245
V8_T9_T12,V8,120,-0.009649,-0.011857,0.009649,0.011857
V8_T9_T12,V8,300,-0.016404,-0.01151,0.016404,0.01151
V8_T10_T11,V8,10,-0.000642,0.000551,0.000642,0.000551
V8_T10_T11,V8,30,-0.00139,-0.000928,0.00139,0.000928
V8_T10_T11,V8,60,-0.002227,-0.003723,0.002227,0.003723
V8_T10_T11,V8,120,-0.001016,-0.005207,0.001016,0.005207
V8_T10_T11,V8,300,0.002273,0.004249,0.002273,0.004249
V8_T10_T12,V8,10,-0.001017,0.000327,0.001017,0.000327
V8_T10_T12,V8,30,-0.001569,0.001552,0.001569,0.001552
V8_T10_T12,V8,60,-0.002157,-0.000111,0.002157,0.000111
V8_T10_T12,V8,120,-0.002112,-7e-05,0.002112,7e-05
V8_T10_T12,V8,300,-0.004912,0.011666,0.004912,0.011666
V8_T11_T12,V8,10,-0.000905,0.000853,0.000905,0.000853
V8_T11_T12,V8,30,-0.001239,0.003073,0.001239,0.003073
V8_T11_T12,V8,60,-0.001696,0.002662,0.001696,0.002662
V8_T11_T12,V8,120,-0.002289,0.003927,0.002289,0.003927
V8_T11_T12,V8,300,-0.006814,0.012321,0.006814,0.012321
PV1_T1,PV1,10,0.002357,0.000488,0.002357,0.000488
PV1_T1,PV1,30,0.00305,0.001514,0.00305,0.001514
PV1_T1,PV1,60,0.004049,0.000172,0.004049,0.000172
PV1_T1,PV1,120,0.009262,0.001752,0.009262,0.001752
PV1_T1,PV1,300,0.013607,0.005498,0.013607,0.005498
PV1_T2,PV1,10,0.007537,0.004067,0.007537,0.004067
PV1_T2,PV1,30,0.005615,0.004333,0.005615,0.004333
PV1_T2,PV1,60,0.007692,0.002889,0.007692,0.002889
PV1_T2,PV1,120,0.011244,0.001541,0.011244,0.001541
PV1_T2,PV1,300,0.016459,0.006193,0.016459,0.006193
PV1_T3,PV1,10,0.005105,0.004434,0.005105,0.004434
PV1_T3,PV1,30,0.006908,0.005963,0.006908,0.005963
PV1_T3,PV1,60,0.012764,0.004606,0.012764,0.004606
PV1_T3,PV1,120,0.012224,-0.000981,0.012224,0.000981
PV1_T3,PV1,300,0.017482,0.004491,0.017482,0.004491
PV1_T4,PV1,10,0.012293,0.010454,0.012293,0.010454
PV1_T4,PV1,30,0.020116,0.013463,0.020116,0.013463
PV1_T4,PV1,60,0.024316,0.012842,0.024316,0.012842
PV1_T4,PV1,120,0.015126,0.003126,0.015126,0.003126
PV1_T4,PV1,300,0.024356,0.003976,0.024356,0.003976
PV1_T5,PV1,10,0.011468,0.007106,0.011468,0.007106
PV1_T5,PV1,30,0.018446,0.010047,0.018446,0.010047
PV1_T5,PV1,60,0.017397,0.004815,0.017397,0.004815
PV1_T5,PV1,120,0.008937,-0.006023,0.008937,0.006023
PV1_T5,PV1,300,0.021071,0.000476,0.021071,0.000476
PV1_T6,PV1,10,0.007455,0.006869,0.007455,0.006869
PV1_T6,PV1,30,0.010993,0.00836,0.010993,0.00836
PV1_T6,PV1,60,0.009424,0.001689,0.009424,0.001689
PV1_T6,PV1,120,0.007444,-0.006051,0.007444,0.006051
PV1_T6,PV1,300,0.018585,0.002781,0.018585,0.002781
PV1_T7,PV1,10,0.007299,0.000301,0.007299,0.000301
PV1_T7,PV1,30,0.013391,-0.003955,0.013391,0.003955
PV1_T7,PV1,60,0.018837,-0.005252,0.018837,0.005252
PV1_T7,PV1,120,0.025115,-0.001541,0.025115,0.001541
PV1_T7,PV1,300,0.029224,-0.002945,0.029224,0.002945
PV1_T8,PV1,10,0.005543,0.000806,0.005543,0.000806
PV1_T8,PV1,30,0.010467,0.000951,0.010467,0.000951
PV1_T8,PV1,60,0.012965,0.001532,0.012965,0.001532
PV1_T8,PV1,120,0.017531,0.006388,0.017531,0.006388
PV1_T8,PV1,300,0.023691,0.007047,0.023691,0.007047
PV1_T9,PV1,10,0.006548,0.006184,0.006548,0.006184
PV1_T9,PV1,30,0.009831,0.010708,0.009831,0.010708
PV1_T9,PV1,60,0.011824,0.013639,0.011824,0.013639
PV1_T9,PV1,120,0.013091,0.017746,0.013091,0.017746
PV1_T9,PV1,300,0.019124,0.025039,0.019124,0.025039
PV1_T10,PV1,10,0.003173,0.003237,0.003173,0.003237
PV1_T10,PV1,30,0.007087,0.006294,0.007087,0.006294
PV1_T10,PV1,60,0.011002,0.008232,0.011002,0.008232
PV1_T10,PV1,120,0.018751,0.014628,0.018751,0.014628
PV1_T10,PV1,300,0.040504,0.033768,0.040504,0.033768
PV1_T11,PV1,10,0.005716,0.004005,0.005716,0.004005
PV1_T11,PV1,30,0.010378,0.007661,0.010378,0.007661
PV1_T11,PV1,60,0.012563,0.006104,0.012563,0.006104
PV1_T11,PV1,120,0.019102,0.011236,0.019102,0.011236
PV1_T11,PV1,300,0.032665,0.025736,0.032665,0.025736
PV1_T12,PV1,10,-0.002283,-0.00108,0.002283,0.00108
PV1_T12,PV1,30,-0.003533,-0.002051,0.003533,0.002051
PV1_T12,PV1,60,-0.006313,-0.005114,0.006313,0.005114
PV1_T12,PV1,120,-0.010272,-0.008843,0.010272,0.008843
PV1_T12,PV1,300,-0.007002,-0.001333,0.007002,0.001333
PV2,PV2,10,0.006311,0.003519,0.006311,0.003519
PV2,PV2,30,0.010857,0.007977,0.010857,0.007977
PV2,PV2,60,0.015281,0.013843,0.015281,0.013843
PV2,PV2,120,0.021631,0.021692,0.021631,0.021692
PV2,PV2,300,0.032824,0.028706,0.032824,0.028706
PV3_B1_T1,PV3,10,0.001167,0.000864,0.001167,0.000864
PV3_B1_T1,PV3,30,-0.000792,0.001669,0.000792,0.001669
PV3_B1_T1,PV3,60,-0.001644,0.001156,0.001644,0.001156
PV3_B1_T1,PV3,120,-0.00232,7.9e-05,0.00232,7.9e-05
PV3_B1_T1,PV3,300,-0.005824,-0.001711,0.005824,0.001711
PV3_B1_T2,PV3,10,0.003376,0.001651,0.003376,0.001651
PV3_B1_T2,PV3,30,0.000199,0.002156,0.000199,0.002156
PV3_B1_T2,PV3,60,-0.000794,0.001333,0.000794,0.001333
PV3_B1_T2,PV3,120,-0.001793,0.000166,0.001793,0.000166
PV3_B1_T2,PV3,300,-0.004421,-0.001105,0.004421,0.001105
PV3_B1_T3,PV3,10,0.003007,0.003207,0.003007,0.003207
PV3_B1_T3,PV3,30,-0.000933,0.002351,0.000933,0.002351
PV3_B1_T3,PV3,60,0.000546,0.002431,0.000546,0.002431
PV3_B1_T3,PV3,120,-0.001285,1e-06,0.001285,1e-06
PV3_B1_T3,PV3,300,-0.002259,-0.000125,0.002259,0.000125
PV3_B1_T4,PV3,10,0.002585,0.003713,0.002585,0.003713
PV3_B1_T4,PV3,30,0.000199,0.004027,0.000199,0.004027
PV3_B1_T4,PV3,60,0.001809,0.00401,0.001809,0.00401
PV3_B1_T4,PV3,120,-0.001064,0.001365,0.001064,0.001365
PV3_B1_T4,PV3,300,-0.001259,0.001082,0.001259,0.001082
PV3_B1_T5,PV3,10,0.003149,0.004251,0.003149,0.004251
PV3_B1_T5,PV3,30,0.001156,0.004349,0.001156,0.004349
PV3_B1_T5,PV3,60,0.001928,0.00359,0.001928,0.00359
PV3_B1_T5,PV3,120,-0.001027,0.001465,0.001027,0.001465
PV3_B1_T5,PV3,300,-0.000933,0.001217,0.000933,0.001217
PV3_B1_T6,PV3,10,0.002954,0.004423,0.002954,0.004423
PV3_B1_T6,PV3,30,0.000827,0.003659,0.000827,0.003659
PV3_B1_T6,PV3,60,0.001123,0.003333,0.001123,0.003333
PV3_B1_T6,PV3,120,-0.001373,0.001374,0.001373,0.001374
PV3_B1_T6,PV3,300,-0.001047,0.001079,0.001047,0.001079
PV3_B1_T7,PV3,10,0.001846,0.004904,0.001846,0.004904
PV3_B1_T7,PV3,30,4.2e-05,0.004555,4.2e-05,0.004555
PV3_B1_T7,PV3,60,0.000492,0.00448,0.000492,0.00448
PV3_B1_T7,PV3,120,-0.000544,0.003722,0.000544,0.003722
PV3_B1_T7,PV3,300,-0.000856,0.001302,0.000856,0.001302
PV3_B1_T8,PV3,10,0.001766,0.00501,0.001766,0.00501
PV3_B1_T8,PV3,30,1.2e-05,0.004472,1.2e-05,0.004472
PV3_B1_T8,PV3,60,0.000353,0.004425,0.000353,0.004425
PV3_B1_T8,PV3,120,-0.000476,0.003883,0.000476,0.003883
PV3_B1_T8,PV3,300,-0.000355,1e-06,0.000355,1e-06
PV3_B1_T9,PV3,10,0.002045,0.004898,0.002045,0.004898
PV3_B1_T9,PV3,30,0.000298,0.004035,0.000298,0.004035
PV3_B1_T9,PV3,60,0.000798,0.003574,0.000798,0.003574
PV3_B1_T9,PV3,120,0.000502,0.002485,0.000502,0.002485
PV3_B1_T9,PV3,300,0.000506,-0.002272,0.000506,0.002272
PV3_B1_T10,PV3,10,0.002338,0.004254,0.002338,0.004254
PV3_B1_T10,PV3,30,0.000386,0.002945,0.000386,0.002945
PV3_B1_T10,PV3,60,0.000737,0.001961,0.000737,0.001961
PV3_B1_T10,PV3,120,0.000526,0.000669,0.000526,0.000669
PV3_B1_T10,PV3,300,0.000618,-0.005011,0.000618,0.005011
PV3_B1_T11,PV3,10,0.002535,0.004227,0.002535,0.004227
PV3_B1_T11,PV3,30,0.000548,0.002877,0.000548,0.002877
PV3_B1_T11,PV3,60,0.000907,0.001777,0.000907,0.001777
PV3_B1_T11,PV3,120,0.000843,0.000458,0.000843,0.000458
PV3_B1_T11,PV3,300,0.000872,-0.004746,0.000872,0.004746
PV3_B1_T12,PV3,10,0.002741,0.00445,0.002741,0.00445
PV3_B1_T12,PV3,30,0.000667,0.00342,0.000667,0.00342
PV3_B1_T12,PV3,60,0.000978,0.002327,0.000978,0.002327
PV3_B1_T12,PV3,120,0.000918,0.001166,0.000918,0.001166
PV3_B1_T12,PV3,300,0.000279,-0.002613,0.000279,0.002613
PV3_B2_T1,PV3,10,0.000654,0.000994,0.000654,0.000994
PV3_B2_T1,PV3,30,-0.001268,0.001344,0.001268,0.001344
PV3_B2_T1,PV3,60,-0.002384,0.001333,0.002384,0.001333
PV3_B2_T1,PV3,120,-0.003076,0.000719,0.003076,0.000719
PV3_B2_T1,PV3,300,-0.006783,-0.00521,0.006783,0.00521
PV3_B2_T2,PV3,10,0.002832,0.001544,0.002832,0.001544
PV3_B2_T2,PV3,30,-0.000204,0.001657,0.000204,0.001657
PV3_B2_T2,PV3,60,-0.001447,0.001412,0.001447,0.001412
PV3_B2_T2,PV3,120,-0.002463,0.000645,0.002463,0.000645
PV3_B2_T2,PV3,300,-0.005315,-0.004888,0.005315,0.004888
PV3_B2_T3,PV3,10,0.002655,0.003025,0.002655,0.003025
PV3_B2_T3,PV3,30,-0.001112,0.001761,0.001112,0.001761
PV3_B2_T3,PV3,60,-4.2e-05,0.00227,4.2e-05,0.00227
PV3_B2_T3,PV3,120,-0.001744,0.000341,0.001744,0.000341
PV3_B2_T3,PV3,300,-0.002905,-0.004108,0.002905,0.004108
PV3_B2_T4,PV3,10,0.002357,0.003365,0.002357,0.003365
PV3_B2_T4,PV3,30,-7.8e-05,0.003208,7.8e-05,0.003208
PV3_B2_T4,PV3,60,0.001208,0.003411,0.001208,0.003411
PV3_B2_T4,PV3,120,-0.001506,0.001262,0.001506,0.001262
PV3_B2_T4,PV3,300,-0.001825,-0.003057,0.001825,0.003057
PV3_B2_T5,PV3,10,0.002957,0.003758,0.002957,0.003758
PV3_B2_T5,PV3,30,0.000893,0.003286,0.000893,0.003286
PV3_B2_T5,PV3,60,0.001426,0.002837,0.001426,0.002837
PV3_B2_T5,PV3,120,-0.001413,0.001288,0.001413,0.001288
PV3_B2_T5,PV3,300,-0.001407,-0.002931,0.001407,0.002931
PV3_B2_T6,PV3,10,0.00279,0.003895,0.00279,0.003895
PV3_B2_T6,PV3,30,0.00059,0.002654,0.00059,0.002654
PV3_B2_T6,PV3,60,0.000659,0.00263,0.000659,0.00263
PV3_B2_T6,PV3,120,-0.001696,0.001251,0.001696,0.001251
PV3_B2_T6,PV3,300,-0.001463,-0.003029,0.001463,0.003029
PV3_B2_T7,PV3,10,0.001715,0.004398,0.001715,0.004398
PV3_B2_T7,PV3,30,-0.000151,0.00357,0.000151,0.00357
PV3_B2_T7,PV3,60,0.000179,0.003779,0.000179,0.003779
PV3_B2_T7,PV3,120,-0.000652,0.003314,0.000652,0.003314
PV3_B2_T7,PV3,300,-0.001205,-0.003011,0.001205,0.003011
PV3_B2_T8,PV3,10,0.001702,0.004422,0.001702,0.004422
PV3_B2_T8,PV3,30,-0.000113,0.003363,0.000113,0.003363
PV3_B2_T8,PV3,60,9e-05,0.003577,9e-05,0.003577
PV3_B2_T8,PV3,120,-0.000671,0.003356,0.000671,0.003356
PV3_B2_T8,PV3,300,-0.000805,-0.004274,0.000805,0.004274
PV3_B2_T9,PV3,10,0.001974,0.004268,0.001974,0.004268
PV3_B2_T9,PV3,30,0.000175,0.00294,0.000175,0.00294
PV3_B2_T9,PV3,60,0.000564,0.00278,0.000564,0.00278
PV3_B2_T9,PV3,120,0.000364,0.001999,0.000364,0.001999
PV3_B2_T9,PV3,300,0.000219,-0.006474,0.000219,0.006474
PV3_B2_T10,PV3,10,0.002244,0.00364,0.002244,0.00364
PV3_B2_T10,PV3,30,0.000261,0.001921,0.000261,0.001921
PV3_B2_T10,PV3,60,0.000527,0.001334,0.000527,0.001334
PV3_B2_T10,PV3,120,0.000402,0.000273,0.000402,0.000273
PV3_B2_T10,PV3,300,0.000362,-0.009261,0.000362,0.009261
PV3_B2_T11,PV3,10,0.002434,0.003637,0.002434,0.003637
PV3_B2_T11,PV3,30,0.000422,0.001887,0.000422,0.001887
PV3_B2_T11,PV3,60,0.000696,0.00119,0.000696,0.00119
PV3_B2_T11,PV3,120,0.00072,9.8e-05,0.00072,9.8e-05
PV3_B2_T11,PV3,300,0.000621,-0.009113,0.000621,0.009113
PV3_B2_T12,PV3,10,0.002589,0.003887,0.002589,0.003887
PV3_B2_T12,PV3,30,0.000515,0.002405,0.000515,0.002405
PV3_B2_T12,PV3,60,0.000742,0.001721,0.000742,0.001721
PV3_B2_T12,PV3,120,0.000817,0.000824,0.000817,0.000824
PV3_B2_T12,PV3,300,4.7e-05,-0.007438,4.7e-05,0.007438
PV3_B3_T1,PV3,10,-0.000288,0.000407,0.000288,0.000407
PV3_B3_T1,PV3,30,-0.002055,0.001835,0.002055,0.001835
PV3_B3_T1,PV3,60,-0.003588,0.002302,0.003588,0.002302
PV3_B3_T1,PV3,120,-0.004276,0.001672,0.004276,0.001672
PV3_B3_T1,PV3,300,-0.008172,-0.007065,0.008172,0.007065
PV3_B3_T2,PV3,10,0.001714,0.000698,0.001714,0.000698
PV3_B3_T2,PV3,30,-0.000928,0.002074,0.000928,0.002074
PV3_B3_T2,PV3,60,-0.002567,0.002503,0.002567,0.002503
PV3_B3_T2,PV3,120,-0.003566,0.001903,0.003566,0.001903
PV3_B3_T2,PV3,300,-0.006696,-0.006528,0.006696,0.006528
PV3_B3_T3,PV3,10,0.001883,0.001808,0.001883,0.001808
PV3_B3_T3,PV3,30,-0.001398,0.00186,0.001398,0.00186
PV3_B3_T3,PV3,60,-0.00114,0.002905,0.00114,0.002905
PV3_B3_T3,PV3,120,-0.002526,0.001636,0.002526,0.001636
PV3_B3_T3,PV3,300,-0.003986,-0.005935,0.003986,0.005935
PV3_B3_T4,PV3,10,0.001831,0.001786,0.001831,0.001786
PV3_B3_T4,PV3,30,-0.000601,0.002479,0.000601,0.002479
PV3_B3_T4,PV3,60,2e-05,0.003303,2e-05,0.003303
PV3_B3_T4,PV3,120,-0.002283,0.001945,0.002283,0.001945
PV3_B3_T4,PV3,300,-0.002827,-0.00532,0.002827,0.00532
PV3_B3_T5,PV3,10,0.002477,0.001874,0.002477,0.001874
PV3_B3_T5,PV3,30,0.000355,0.002287,0.000355,0.002287
PV3_B3_T5,PV3,60,0.000409,0.002706,0.000409,0.002706
PV3_B3_T5,PV3,120,-0.002096,0.001806,0.002096,0.001806
PV3_B3_T5,PV3,300,-0.002259,-0.00532,0.002259,0.00532
PV3_B3_T6,PV3,10,0.002374,0.001902,0.002374,0.001902
PV3_B3_T6,PV3,30,0.000115,0.001715,0.000115,0.001715
PV3_B3_T6,PV3,60,-0.000256,0.002404,0.000256,0.002404
PV3_B3_T6,PV3,120,-0.002255,0.001829,0.002255,0.001829
PV3_B3_T6,PV3,300,-0.002209,-0.005323,0.002209,0.005323
PV3_B3_T7,PV3,10,0.001407,0.002095,0.001407,0.002095
PV3_B3_T7,PV3,30,-0.00052,0.002335,0.00052,0.002335
PV3_B3_T7,PV3,60,-0.000433,0.003431,0.000433,0.003431
PV3_B3_T7,PV3,120,-0.00084,0.003596,0.00084,0.003596
PV3_B3_T7,PV3,300,-0.001844,-0.004627,0.001844,0.004627
PV3_B3_T8,PV3,10,0.001526,0.00221,0.001526,0.00221
PV3_B3_T8,PV3,30,-0.000354,0.002461,0.000354,0.002461
PV3_B3_T8,PV3,60,-0.000429,0.003779,0.000429,0.003779
PV3_B3_T8,PV3,120,-0.001033,0.004462,0.001033,0.004462
PV3_B3_T8,PV3,300,-0.001665,-0.004709,0.001665,0.004709
PV3_B3_T9,PV3,10,0.001777,0.002228,0.001777,0.002228
PV3_B3_T9,PV3,30,-7e-05,0.002398,7e-05,0.002398
PV3_B3_T9,PV3,60,8.9e-05,0.003555,8.9e-05,0.003555
PV3_B3_T9,PV3,120,8.2e-05,0.003856,8.2e-05,0.003856
PV3_B3_T9,PV3,300,-0.000352,-0.005852,0.000352,0.005852
PV3_B3_T10,PV3,10,0.002001,0.001695,0.002001,0.001695
PV3_B3_T10,PV3,30,9e-06,0.00157,9e-06,0.00157
PV3_B3_T10,PV3,60,0.000101,0.002538,0.000101,0.002538
PV3_B3_T10,PV3,120,0.00015,0.002467,0.00015,0.002467
PV3_B3_T10,PV3,300,-0.000149,-0.007997,0.000149,0.007997
PV3_B3_T11,PV3,10,0.002174,0.001728,0.002174,0.001728
PV3_B3_T11,PV3,30,0.000165,0.001619,0.000165,0.001619
PV3_B3_T11,PV3,60,0.000264,0.002596,0.000264,0.002596
PV3_B3_T11,PV3,120,0.000462,0.002579,0.000462,0.002579
PV3_B3_T11,PV3,300,0.000113,-0.007773,0.000113,0.007773
PV3_B3_T12,PV3,10,0.002224,0.001813,0.002224,0.001813
PV3_B3_T12,PV3,30,0.000205,0.0017,0.000205,0.0017
PV3_B3_T12,PV3,60,0.000262,0.002583,0.000262,0.002583
PV3_B3_T12,PV3,120,0.000598,0.002513,0.000598,0.002513
PV3_B3_T12,PV3,300,-0.000407,-0.007492,0.000407,0.007492
PV3_B4_T1,PV3,10,-0.001953,-0.002468,0.001953,0.002468
PV3_B4_T1,PV3,30,-0.00316,-0.00115,0.00316,0.00115
PV3_B4_T1,PV3,60,-0.005208,-0.001676,0.005208,0.001676
PV3_B4_T1,PV3,120,-0.005781,-0.004812,0.005781,0.004812
PV3_B4_T1,PV3,300,-0.009406,-0.013796,0.009406,0.013796
PV3_B4_T2,PV3,10,-0.000673,-0.00254,0.000673,0.00254
PV3_B4_T2,PV3,30,-0.002137,-0.000957,0.002137,0.000957
PV3_B4_T2,PV3,60,-0.004251,-0.001662,0.004251,0.001662
PV3_B4_T2,PV3,120,-0.005053,-0.004815,0.005053,0.004815
PV3_B4_T2,PV3,300,-0.008185,-0.013762,0.008185,0.013762
PV3_B4_T3,PV3,10,2.1e-05,-0.001824,2.1e-05,0.001824
PV3_B4_T3,PV3,30,-0.001728,-0.001203,0.001728,0.001203
PV3_B4_T3,PV3,60,-0.003132,-0.001692,0.003132,0.001692
PV3_B4_T3,PV3,120,-0.003652,-0.005313,0.003652,0.005313
PV3_B4_T3,PV3,300,-0.005458,-0.013796,0.005458,0.013796
PV3_B4_T4,PV3,10,0.000426,-0.002117,0.000426,0.002117
PV3_B4_T4,PV3,30,-0.00158,-0.001398,0.00158,0.001398
PV3_B4_T4,PV3,60,-0.002441,-0.001861,0.002441,0.001861
PV3_B4_T4,PV3,120,-0.003498,-0.005671,0.003498,0.005671
PV3_B4_T4,PV3,300,-0.004412,-0.013662,0.004412,0.013662
PV3_B4_T5,PV3,10,0.001037,-0.002068,0.001037,0.002068
PV3_B4_T5,PV3,30,-0.000843,-0.001592,0.000843,0.001592
PV3_B4_T5,PV3,60,-0.001809,-0.002172,0.001809,0.002172
PV3_B4_T5,PV3,120,-0.00318,-0.005853,0.00318,0.005853
PV3_B4_T5,PV3,300,-0.003671,-0.013463,0.003671,0.013463
PV3_B4_T6,PV3,10,0.001084,-0.002248,0.001084,0.002248
PV3_B4_T6,PV3,30,-0.000929,-0.00201,0.000929,0.00201
PV3_B4_T6,PV3,60,-0.002184,-0.002499,0.002184,0.002499
PV3_B4_T6,PV3,120,-0.003083,-0.005813,0.003083,0.005813
PV3_B4_T6,PV3,300,-0.003449,-0.013432,0.003449,0.013432
PV3_B4_T7,PV3,10,0.000497,-0.002266,0.000497,0.002266
PV3_B4_T7,PV3,30,-0.001264,-0.001621,0.001264,0.001621
PV3_B4_T7,PV3,60,-0.001735,-0.001467,0.001735,0.001467
PV3_B4_T7,PV3,120,-0.00113,-0.004129,0.00113,0.004129
PV3_B4_T7,PV3,300,-0.002986,-0.01268,0.002986,0.01268
PV3_B4_T8,PV3,10,0.000884,-0.002197,0.000884,0.002197
PV3_B4_T8,PV3,30,-0.000858,-0.001458,0.000858,0.001458
PV3_B4_T8,PV3,60,-0.001562,-0.001272,0.001562,0.001272
PV3_B4_T8,PV3,120,-0.001709,-0.003937,0.001709,0.003937
PV3_B4_T8,PV3,300,-0.003393,-0.012741,0.003393,0.012741
PV3_B4_T9,PV3,10,0.001046,-0.002102,0.001046,0.002102
PV3_B4_T9,PV3,30,-0.000633,-0.001252,0.000633,0.001252
PV3_B4_T9,PV3,60,-0.001036,-0.001086,0.001036,0.001086
PV3_B4_T9,PV3,120,-0.000589,-0.003982,0.000589,0.003982
PV3_B4_T9,PV3,300,-0.001631,-0.012852,0.001631,0.012852
PV3_B4_T10,PV3,10,0.001142,-0.002211,0.001142,0.002211
PV3_B4_T10,PV3,30,-0.000587,-0.001413,0.000587,0.001413
PV3_B4_T10,PV3,60,-0.000918,-0.001172,0.000918,0.001172
PV3_B4_T10,PV3,120,-0.000466,-0.004089,0.000466,0.004089
PV3_B4_T10,PV3,300,-0.001334,-0.012526,0.001334,0.012526
PV3_B4_T11,PV3,10,0.001253,-0.002105,0.001253,0.002105
PV3_B4_T11,PV3,30,-0.000467,-0.001218,0.000467,0.001218
PV3_B4_T11,PV3,60,-0.000796,-0.000878,0.000796,0.000878
PV3_B4_T11,PV3,120,-0.000215,-0.003607,0.000215,0.003607
PV3_B4_T11,PV3,300,-0.001105,-0.011892,0.001105,0.011892
PV3_B4_T12,PV3,10,0.00106,-0.001979,0.00106,0.001979
PV3_B4_T12,PV3,30,-0.000546,-0.001114,0.000546,0.001114
PV3_B4_T12,PV3,60,-0.000891,-0.000739,0.000891,0.000739
PV3_B4_T12,PV3,120,5e-06,-0.003651,5e-06,0.003651
PV3_B4_T12,PV3,300,-0.001406,-0.012284,0.001406,0.012284
PV3_B5_T1,PV3,10,-0.003528,-0.002977,0.003528,0.002977
PV3_B5_T1,PV3,30,-0.003593,-0.002443,0.003593,0.002443
PV3_B5_T1,PV3,60,-0.005655,-0.002334,0.005655,0.002334
PV3_B5_T1,PV3,120,-0.005886,-0.004529,0.005886,0.004529
PV3_B5_T1,PV3,300,-0.007962,-0.009741,0.007962,0.009741
PV3_B5_T2,PV3,10,-0.003661,-0.003267,0.003661,0.003267
PV3_B5_T2,PV3,30,-0.003003,-0.002655,0.003003,0.002655
PV3_B5_T2,PV3,60,-0.004997,-0.002576,0.004997,0.002576
PV3_B5_T2,PV3,120,-0.005244,-0.004586,0.005244,0.004586
PV3_B5_T2,PV3,300,-0.007252,-0.009881,0.007252,0.009881
PV3_B5_T3,PV3,10,-0.002612,-0.003769,0.002612,0.003769
PV3_B5_T3,PV3,30,-0.001483,-0.003165,0.001483,0.003165
PV3_B5_T3,PV3,60,-0.004652,-0.003274,0.004652,0.003274
PV3_B5_T3,PV3,120,-0.003737,-0.004853,0.003737,0.004853
PV3_B5_T3,PV3,300,-0.005289,-0.010333,0.005289,0.010333
PV3_B5_T4,PV3,10,-0.001809,-0.004301,0.001809,0.004301
PV3_B5_T4,PV3,30,-0.002302,-0.004059,0.002302,0.004059
PV3_B5_T4,PV3,60,-0.004939,-0.004089,0.004939,0.004089
PV3_B5_T4,PV3,120,-0.00371,-0.005732,0.00371,0.005732
PV3_B5_T4,PV3,300,-0.004756,-0.010983,0.004756,0.010983
PV3_B5_T5,PV3,10,-0.001587,-0.004557,0.001587,0.004557
PV3_B5_T5,PV3,30,-0.002233,-0.004357,0.002233,0.004357
PV3_B5_T5,PV3,60,-0.004268,-0.004013,0.004268,0.004013
PV3_B5_T5,PV3,120,-0.003316,-0.005944,0.003316,0.005944
PV3_B5_T5,PV3,300,-0.004066,-0.011241,0.004066,0.011241
PV3_B5_T6,PV3,10,-0.001417,-0.004619,0.001417,0.004619
PV3_B5_T6,PV3,30,-0.002086,-0.004111,0.002086,0.004111
PV3_B5_T6,PV3,60,-0.004098,-0.004145,0.004098,0.004145
PV3_B5_T6,PV3,120,-0.002877,-0.005851,0.002877,0.005851
PV3_B5_T6,PV3,300,-0.0037,-0.011247,0.0037,0.011247
PV3_B5_T7,PV3,10,-0.001247,-0.004871,0.001247,0.004871
PV3_B5_T7,PV3,30,-0.001831,-0.004204,0.001831,0.004204
PV3_B5_T7,PV3,60,-0.002972,-0.003996,0.002972,0.003996
PV3_B5_T7,PV3,120,-0.001024,-0.005856,0.001024,0.005856
PV3_B5_T7,PV3,300,-0.003316,-0.010768,0.003316,0.010768
PV3_B5_T8,PV3,10,-0.000688,-0.004834,0.000688,0.004834
PV3_B5_T8,PV3,30,-0.001241,-0.003999,0.001241,0.003999
PV3_B5_T8,PV3,60,-0.002626,-0.003859,0.002626,0.003859
PV3_B5_T8,PV3,120,-0.00192,-0.005793,0.00192,0.005793
PV3_B5_T8,PV3,300,-0.004464,-0.010448,0.004464,0.010448
PV3_B5_T9,PV3,10,-0.000796,-0.004694,0.000796,0.004694
PV3_B5_T9,PV3,30,-0.001248,-0.003713,0.001248,0.003713
PV3_B5_T9,PV3,60,-0.002392,-0.003454,0.002392,0.003454
PV3_B5_T9,PV3,120,-0.001414,-0.005124,0.001414,0.005124
PV3_B5_T9,PV3,300,-0.00292,-0.009055,0.00292,0.009055
PV3_B5_T10,PV3,10,-0.001041,-0.004415,0.001041,0.004415
PV3_B5_T10,PV3,30,-0.001323,-0.003166,0.001323,0.003166
PV3_B5_T10,PV3,60,-0.002226,-0.002631,0.002226,0.002631
PV3_B5_T10,PV3,120,-0.001306,-0.004103,0.001306,0.004103
PV3_B5_T10,PV3,300,-0.002703,-0.007248,0.002703,0.007248
PV3_B5_T11,PV3,10,-0.001127,-0.004311,0.001127,0.004311
PV3_B5_T11,PV3,30,-0.001349,-0.002989,0.001349,0.002989
PV3_B5_T11,PV3,60,-0.002269,-0.002325,0.002269,0.002325
PV3_B5_T11,PV3,120,-0.001322,-0.0036,0.001322,0.0036
PV3_B5_T11,PV3,300,-0.00269,-0.006665,0.00269,0.006665
PV3_B5_T12,PV3,10,-0.001592,-0.004062,0.001592,0.004062
PV3_B5_T12,PV3,30,-0.001586,-0.002824,0.001586,0.002824
PV3_B5_T12,PV3,60,-0.002459,-0.002056,0.002459,0.002056
PV3_B5_T12,PV3,120,-0.001055,-0.003306,0.001055,0.003306
PV3_B5_T12,PV3,300,-0.002418,-0.006764,0.002418,0.006764
PV3_B6_T1,PV3,10,-0.003841,-0.002335,0.003841,0.002335
PV3_B6_T1,PV3,30,-0.00303,-0.002322,0.00303,0.002322
PV3_B6_T1,PV3,60,-0.004592,-0.001241,0.004592,0.001241
PV3_B6_T1,PV3,120,-0.004507,-0.001555,0.004507,0.001555
PV3_B6_T1,PV3,300,-0.004901,-0.00402,0.004901,0.00402
PV3_B6_T2,PV3,10,-0.004886,-0.003212,0.004886,0.003212
PV3_B6_T2,PV3,30,-0.002848,-0.00293,0.002848,0.00293
PV3_B6_T2,PV3,60,-0.004231,-0.001638,0.004231,0.001638
PV3_B6_T2,PV3,120,-0.004006,-0.001635,0.004006,0.001635
PV3_B6_T2,PV3,300,-0.004663,-0.004362,0.004663,0.004362
PV3_B6_T3,PV3,10,-0.003716,-0.004686,0.003716,0.004686
PV3_B6_T3,PV3,30,-0.000878,-0.003341,0.000878,0.003341
PV3_B6_T3,PV3,60,-0.004375,-0.002609,0.004375,0.002609
PV3_B6_T3,PV3,120,-0.00271,-0.001757,0.00271,0.001757
PV3_B6_T3,PV3,300,-0.00363,-0.005189,0.00363,0.005189
PV3_B6_T4,PV3,10,-0.002801,-0.005138,0.002801,0.005138
PV3_B6_T4,PV3,30,-0.002087,-0.004567,0.002087,0.004567
PV3_B6_T4,PV3,60,-0.005138,-0.003773,0.005138,0.003773
PV3_B6_T4,PV3,120,-0.002701,-0.002695,0.002701,0.002695
PV3_B6_T4,PV3,300,-0.003514,-0.006052,0.003514,0.006052
PV3_B6_T5,PV3,10,-0.002885,-0.005488,0.002885,0.005488
PV3_B6_T5,PV3,30,-0.002468,-0.004693,0.002468,0.004693
PV3_B6_T5,PV3,60,-0.00458,-0.003362,0.00458,0.003362
PV3_B6_T5,PV3,120,-0.002332,-0.002595,0.002332,0.002595
PV3_B6_T5,PV3,300,-0.003018,-0.006202,0.003018,0.006202
PV3_B6_T6,PV3,10,-0.00267,-0.005646,0.00267,0.005646
PV3_B6_T6,PV3,30,-0.002176,-0.004181,0.002176,0.004181
PV3_B6_T6,PV3,60,-0.004024,-0.003211,0.004024,0.003211
PV3_B6_T6,PV3,120,-0.001748,-0.00254,0.001748,0.00254
PV3_B6_T6,PV3,300,-0.002606,-0.006008,0.002606,0.006008
PV3_B6_T7,PV3,10,-0.001992,-0.00616,0.001992,0.00616
PV3_B6_T7,PV3,30,-0.001531,-0.004902,0.001531,0.004902
PV3_B6_T7,PV3,60,-0.002707,-0.004317,0.002707,0.004317
PV3_B6_T7,PV3,120,-0.00056,-0.004795,0.00056,0.004795
PV3_B6_T7,PV3,300,-0.002287,-0.006085,0.002287,0.006085
PV3_B6_T8,PV3,10,-0.001496,-0.006223,0.001496,0.006223
PV3_B6_T8,PV3,30,-0.001005,-0.004718,0.001005,0.004718
PV3_B6_T8,PV3,60,-0.002301,-0.004282,0.002301,0.004282
PV3_B6_T8,PV3,120,-0.00129,-0.004944,0.00129,0.004944
PV3_B6_T8,PV3,300,-0.003401,-0.004992,0.003401,0.004992
PV3_B6_T9,PV3,10,-0.001738,-0.00613,0.001738,0.00613
PV3_B6_T9,PV3,30,-0.001156,-0.004317,0.001156,0.004317
PV3_B6_T9,PV3,60,-0.002338,-0.0036,0.002338,0.0036
PV3_B6_T9,PV3,120,-0.001399,-0.00378,0.001399,0.00378
PV3_B6_T9,PV3,300,-0.002602,-0.003122,0.002602,0.003122
PV3_B6_T10,PV3,10,-0.002126,-0.005625,0.002126,0.005625
PV3_B6_T10,PV3,30,-0.001264,-0.003395,0.001264,0.003395
PV3_B6_T10,PV3,60,-0.002174,-0.002205,0.002174,0.002205
PV3_B6_T10,PV3,120,-0.001328,-0.002024,0.001328,0.002024
PV3_B6_T10,PV3,300,-0.002486,-0.000153,0.002486,0.000153
PV3_B6_T11,PV3,10,-0.002316,-0.005544,0.002316,0.005544
PV3_B6_T11,PV3,30,-0.001374,-0.003222,0.001374,0.003222
PV3_B6_T11,PV3,60,-0.002303,-0.001843,0.002303,0.001843
PV3_B6_T11,PV3,120,-0.001519,-0.001541,0.001519,0.001541
PV3_B6_T11,PV3,300,-0.002616,-2.3e-05,0.002616,2.3e-05
PV3_B6_T12,PV3,10,-0.002804,-0.005574,0.002804,0.005574
PV3_B6_T12,PV3,30,-0.001644,-0.003404,0.001644,0.003404
PV3_B6_T12,PV3,60,-0.002518,-0.002035,0.002518,0.002035
PV3_B6_T12,PV3,120,-0.001358,-0.00187,0.001358,0.00187
PV3_B6_T12,PV3,300,-0.002096,-0.001122,0.002096,0.001122
PV3_B7_T1,PV3,10,-0.003678,-0.001208,0.003678,0.001208
PV3_B7_T1,PV3,30,-0.002455,-0.001645,0.002455,0.001645
PV3_B7_T1,PV3,60,-0.003604,-0.000246,0.003604,0.000246
PV3_B7_T1,PV3,120,-0.003353,0.000796,0.003353,0.000796
PV3_B7_T1,PV3,300,-0.002785,-0.001114,0.002785,0.001114
PV3_B7_T2,PV3,10,-0.005117,-0.001982,0.005117,0.001982
PV3_B7_T2,PV3,30,-0.00252,-0.002274,0.00252,0.002274
PV3_B7_T2,PV3,60,-0.00346,-0.00071,0.00346,0.00071
PV3_B7_T2,PV3,120,-0.003005,0.000643,0.003005,0.000643
PV3_B7_T2,PV3,300,-0.002889,-0.001683,0.002889,0.001683
PV3_B7_T3,PV3,10,-0.003952,-0.003549,0.003952,0.003549
PV3_B7_T3,PV3,30,-0.000499,-0.00249,0.000499,0.00249
PV3_B7_T3,PV3,60,-0.003861,-0.001874,0.003861,0.001874
PV3_B7_T3,PV3,120,-0.001963,0.000627,0.001963,0.000627
PV3_B7_T3,PV3,300,-0.002487,-0.0026,0.002487,0.0026
PV3_B7_T4,PV3,10,-0.003041,-0.004079,0.003041,0.004079
PV3_B7_T4,PV3,30,-0.001804,-0.004205,0.001804,0.004205
PV3_B7_T4,PV3,60,-0.004793,-0.003681,0.004793,0.003681
PV3_B7_T4,PV3,120,-0.001981,-0.000678,0.001981,0.000678
PV3_B7_T4,PV3,300,-0.002611,-0.003698,0.002611,0.003698
PV3_B7_T5,PV3,10,-0.00325,-0.004675,0.00325,0.004675
PV3_B7_T5,PV3,30,-0.002366,-0.004618,0.002366,0.004618
PV3_B7_T5,PV3,60,-0.004333,-0.003256,0.004333,0.003256
PV3_B7_T5,PV3,120,-0.001665,-0.000641,0.001665,0.000641
PV3_B7_T5,PV3,300,-0.002261,-0.003815,0.002261,0.003815
PV3_B7_T6,PV3,10,-0.003016,-0.004913,0.003016,0.004913
PV3_B7_T6,PV3,30,-0.002024,-0.003928,0.002024,0.003928
PV3_B7_T6,PV3,60,-0.003631,-0.002905,0.003631,0.002905
PV3_B7_T6,PV3,120,-0.001067,-0.00044,0.001067,0.00044
PV3_B7_T6,PV3,300,-0.001865,-0.003533,0.001865,0.003533
PV3_B7_T7,PV3,10,-0.002139,-0.005329,0.002139,0.005329
PV3_B7_T7,PV3,30,-0.001255,-0.004569,0.001255,0.004569
PV3_B7_T7,PV3,60,-0.002338,-0.003904,0.002338,0.003904
PV3_B7_T7,PV3,120,-0.000301,-0.002726,0.000301,0.002726
PV3_B7_T7,PV3,300,-0.001615,-0.003541,0.001615,0.003541
PV3_B7_T8,PV3,10,-0.001705,-0.005453,0.001705,0.005453
PV3_B7_T8,PV3,30,-0.00081,-0.004475,0.00081,0.004475
PV3_B7_T8,PV3,60,-0.001948,-0.00391,0.001948,0.00391
PV3_B7_T8,PV3,120,-0.0009,-0.002693,0.0009,0.002693
PV3_B7_T8,PV3,300,-0.002629,-0.001906,0.002629,0.001906
PV3_B7_T9,PV3,10,-0.001976,-0.00533,0.001976,0.00533
PV3_B7_T9,PV3,30,-0.00101,-0.003994,0.00101,0.003994
PV3_B7_T9,PV3,60,-0.002098,-0.003106,0.002098,0.003106
PV3_B7_T9,PV3,120,-0.001262,-0.001403,0.001262,0.001403
PV3_B7_T9,PV3,300,-0.002225,9.1e-05,0.002225,9.1e-05
PV3_B7_T10,PV3,10,-0.002372,-0.004737,0.002372,0.004737
PV3_B7_T10,PV3,30,-0.001115,-0.002908,0.001115,0.002908
PV3_B7_T10,PV3,60,-0.00194,-0.001456,0.00194,0.001456
PV3_B7_T10,PV3,120,-0.001207,0.000633,0.001207,0.000633
PV3_B7_T10,PV3,300,-0.002152,0.003322,0.002152,0.003322
PV3_B7_T11,PV3,10,-0.002581,-0.004655,0.002581,0.004655
PV3_B7_T11,PV3,30,-0.001248,-0.002743,0.001248,0.002743
PV3_B7_T11,PV3,60,-0.002089,-0.001111,0.002089,0.001111
PV3_B7_T11,PV3,120,-0.00145,0.001096,0.00145,0.001096
PV3_B7_T11,PV3,300,-0.002326,0.00335,0.002326,0.00335
PV3_B7_T12,PV3,10,-0.003039,-0.004654,0.003039,0.004654
PV3_B7_T12,PV3,30,-0.001504,-0.002979,0.001504,0.002979
PV3_B7_T12,PV3,60,-0.002291,-0.001253,0.002291,0.001253
PV3_B7_T12,PV3,120,-0.00135,0.000883,0.00135,0.000883
PV3_B7_T12,PV3,300,-0.001749,0.00201,0.001749,0.00201
BB1_T1,BB1,10,-0.000754,0.001534,0.000754,0.001534
BB1_T1,BB1,30,-0.00138,0.004651,0.00138,0.004651
BB1_T1,BB1,60,-0.001879,0.007892,0.001879,0.007892
BB1_T1,BB1,120,-0.000629,0.009423,0.000629,0.009423
BB1_T1,BB1,300,-0.000929,0.004226,0.000929,0.004226
BB1_T2,BB1,10,-0.000731,0.001623,0.000731,0.001623
BB1_T2,BB1,30,-0.001375,0.004757,0.001375,0.004757
BB1_T2,BB1,60,-0.00188,0.007936,0.00188,0.007936
BB1_T2,BB1,120,-0.000598,0.009464,0.000598,0.009464
BB1_T2,BB1,300,-0.000938,0.004241,0.000938,0.004241
BB1_T3,BB1,10,-0.000721,0.001867,0.000721,0.001867
BB1_T3,BB1,30,-0.001495,0.005022,0.001495,0.005022
BB1_T3,BB1,60,-0.001916,0.008053,0.001916,0.008053
BB1_T3,BB1,120,-0.000541,0.009569,0.000541,0.009569
BB1_T3,BB1,300,-0.000984,0.004252,0.000984,0.004252
BB1_T4,BB1,10,-0.000811,0.002009,0.000811,0.002009
BB1_T4,BB1,30,-0.001619,0.005061,0.001619,0.005061
BB1_T4,BB1,60,-0.001756,0.008206,0.001756,0.008206
BB1_T4,BB1,120,-0.000374,0.009704,0.000374,0.009704
BB1_T4,BB1,300,-0.001008,0.004246,0.001008,0.004246
BB1_T5,BB1,10,-0.00076,0.002048,0.00076,0.002048
BB1_T5,BB1,30,-0.001407,0.005126,0.001407,0.005126
BB1_T5,BB1,60,-0.001501,0.008368,0.001501,0.008368
BB1_T5,BB1,120,-0.000226,0.009804,0.000226,0.009804
BB1_T5,BB1,300,-0.001054,0.004248,0.001054,0.004248
BB1_T6,BB1,10,-0.000661,0.002115,0.000661,0.002115
BB1_T6,BB1,30,-0.001317,0.005179,0.001317,0.005179
BB1_T6,BB1,60,-0.001407,0.008472,0.001407,0.008472
BB1_T6,BB1,120,-0.000243,0.00982,0.000243,0.00982
BB1_T6,BB1,300,-0.001156,0.004207,0.001156,0.004207
BB1_T7,BB1,10,-0.000783,0.002054,0.000783,0.002054
BB1_T7,BB1,30,-0.001517,0.004936,0.001517,0.004936
BB1_T7,BB1,60,-0.001752,0.008263,0.001752,0.008263
BB1_T7,BB1,120,-0.000985,0.00946,0.000985,0.00946
BB1_T7,BB1,300,-0.001037,0.003854,0.001037,0.003854
BB1_T8,BB1,10,-0.000768,0.00208,0.000768,0.00208
BB1_T8,BB1,30,-0.001471,0.004877,0.001471,0.004877
BB1_T8,BB1,60,-0.001658,0.008062,0.001658,0.008062
BB1_T8,BB1,120,-0.000594,0.009462,0.000594,0.009462
BB1_T8,BB1,300,0.00031,0.004149,0.00031,0.004149
BB1_T9,BB1,10,-0.000593,0.002073,0.000593,0.002073
BB1_T9,BB1,30,-0.001137,0.004868,0.001137,0.004868
BB1_T9,BB1,60,-0.001121,0.008042,0.001121,0.008042
BB1_T9,BB1,120,0.000268,0.00967,0.000268,0.00967
BB1_T9,BB1,300,0.001904,0.004658,0.001904,0.004658
BB1_T10,BB1,10,-0.000156,0.002367,0.000156,0.002367
BB1_T10,BB1,30,-0.000353,0.005274,0.000353,0.005274
BB1_T10,BB1,60,-2.6e-05,0.008731,2.6e-05,0.008731
BB1_T10,BB1,120,0.001717,0.010283,0.001717,0.010283
BB1_T10,BB1,300,0.003576,0.005171,0.003576,0.005171
BB1_T11,BB1,10,-9e-05,0.002355,9e-05,0.002355
BB1_T11,BB1,30,-0.000241,0.005218,0.000241,0.005218
BB1_T11,BB1,60,0.000166,0.008712,0.000166,0.008712
BB1_T11,BB1,120,0.002029,0.010085,0.002029,0.010085
BB1_T11,BB1,300,0.003958,0.004739,0.003958,0.004739
BB1_T12,BB1,10,-0.00025,0.00191,0.00025,0.00191
BB1_T12,BB1,30,-0.00046,0.004386,0.00046,0.004386
BB1_T12,BB1,60,-8.9e-05,0.00756,8.9e-05,0.00756
BB1_T12,BB1,120,0.001671,0.008548,0.001671,0.008548
BB1_T12,BB1,300,0.00312,0.002598,0.00312,0.002598
BB2_T1,BB2,10,-0.011584,-0.014779,0.011584,0.014779
BB2_T1,BB2,30,-0.0017,-0.012288,0.0017,0.012288
BB2_T1,BB2,60,-0.000306,-0.006812,0.000306,0.006812
BB2_T1,BB2,120,-0.002948,-0.006712,0.002948,0.006712
BB2_T1,BB2,300,0.001322,-0.002574,0.001322,0.002574
BB2_T2,BB2,10,-0.006734,-0.013724,0.006734,0.013724
BB2_T2,BB2,30,0.000858,-0.014449,0.000858,0.014449
BB2_T2,BB2,60,0.00183,-0.007788,0.00183,0.007788
BB2_T2,BB2,120,-0.001364,-0.007473,0.001364,0.007473
BB2_T2,BB2,300,0.002679,-0.002806,0.002679,0.002806
BB2_T3,BB2,10,-0.005904,-0.018291,0.005904,0.018291
BB2_T3,BB2,30,0.005571,-0.017334,0.005571,0.017334
BB2_T3,BB2,60,0.001801,-0.013122,0.001801,0.013122
BB2_T3,BB2,120,-0.002047,-0.012037,0.002047,0.012037
BB2_T3,BB2,300,0.003501,-0.005953,0.003501,0.005953
BB2_T4,BB2,10,-0.00102,-0.012046,0.00102,0.012046
BB2_T4,BB2,30,0.003451,-0.011784,0.003451,0.011784
BB2_T4,BB2,60,-0.003475,-0.014148,0.003475,0.014148
BB2_T4,BB2,120,-0.002591,-0.011792,0.002591,0.011792
BB2_T4,BB2,300,0.004169,-0.005084,0.004169,0.005084
BB2_T5,BB2,10,-0.005959,-0.012205,0.005959,0.012205
BB2_T5,BB2,30,-0.001568,-0.013997,0.001568,0.013997
BB2_T5,BB2,60,-0.003565,-0.014038,0.003565,0.014038
BB2_T5,BB2,120,-0.000418,-0.009138,0.000418,0.009138
BB2_T5,BB2,300,0.005522,-0.005512,0.005522,0.005512
BB2_T6,BB2,10,-0.001756,-0.009827,0.001756,0.009827
BB2_T6,BB2,30,0.002082,-0.011712,0.002082,0.011712
BB2_T6,BB2,60,0.000707,-0.012411,0.000707,0.012411
BB2_T6,BB2,120,0.002983,-0.007194,0.002983,0.007194
BB2_T6,BB2,300,0.007274,-0.005288,0.007274,0.005288
BB2_T7,BB2,10,0.000468,-0.005227,0.000468,0.005227
BB2_T7,BB2,30,0.005079,-0.005822,0.005079,0.005822
BB2_T7,BB2,60,0.006332,-0.006943,0.006332,0.006943
BB2_T7,BB2,120,0.007387,-0.004011,0.007387,0.004011
BB2_T7,BB2,300,-0.000911,-0.004783,0.000911,0.004783
BB2_T8,BB2,10,0.001185,-0.003967,0.001185,0.003967
BB2_T8,BB2,30,0.005658,-0.002281,0.005658,0.002281
BB2_T8,BB2,60,0.004996,-0.003226,0.004996,0.003226
BB2_T8,BB2,120,0.001222,-0.001994,0.001222,0.001994
BB2_T8,BB2,300,-0.006313,0.002165,0.006313,0.002165
BB2_T9,BB2,10,-7.3e-05,-0.004294,7.3e-05,0.004294
BB2_T9,BB2,30,0.002932,-0.001596,0.002932,0.001596
BB2_T9,BB2,60,0.001725,-0.003382,0.001725,0.003382
BB2_T9,BB2,120,-0.003965,-0.003877,0.003965,0.003877
BB2_T9,BB2,300,-0.010806,-0.002228,0.010806,0.002228
BB2_T10,BB2,10,-0.001167,-0.005016,0.001167,0.005016
BB2_T10,BB2,30,0.00145,-0.003028,0.00145,0.003028
BB2_T10,BB2,60,0.001845,-0.003652,0.001845,0.003652
BB2_T10,BB2,120,-0.001555,-0.000754,0.001555,0.000754
BB2_T10,BB2,300,-0.007954,0.002178,0.007954,0.002178
BB2_T11,BB2,10,0.001081,-0.002738,0.001081,0.002738
BB2_T11,BB2,30,0.002313,-0.002733,0.002313,0.002733
BB2_T11,BB2,60,-0.000107,-0.003531,0.000107,0.003531
BB2_T11,BB2,120,-0.002962,-0.000261,0.002962,0.000261
BB2_T11,BB2,300,-0.009229,0.003303,0.009229,0.003303
BB2_T12,BB2,10,-0.000376,-0.001057,0.000376,0.001057
BB2_T12,BB2,30,0.001178,0.001018,0.001178,0.001018
BB2_T12,BB2,60,0.000465,0.001052,0.000465,0.001052
BB2_T12,BB2,120,-0.000297,-0.002177,0.000297,0.002177
BB2_T12,BB2,300,-0.004366,-0.006384,0.004366,0.006384
BB3_T1,BB3,10,-0.015895,-0.018628,0.015895,0.018628
BB3_T1,BB3,30,-0.005973,-0.013493,0.005973,0.013493
BB3_T1,BB3,60,-0.004613,-0.008808,0.004613,0.008808
BB3_T1,BB3,120,-0.008707,-0.008151,0.008707,0.008151
BB3_T1,BB3,300,-0.002444,-0.004037,0.002444,0.004037
BB3_T2,BB3,10,-0.012369,-0.017451,0.012369,0.017451
BB3_T2,BB3,30,-0.004325,-0.015902,0.004325,0.015902
BB3_T2,BB3,60,-0.002877,-0.008694,0.002877,0.008694
BB3_T2,BB3,120,-0.00835,-0.009473,0.00835,0.009473
BB3_T2,BB3,300,-0.000849,-0.003983,0.000849,0.003983
BB3_T3,BB3,10,-0.007249,-0.021312,0.007249,0.021312
BB3_T3,BB3,30,0.003298,-0.020765,0.003298,0.020765
BB3_T3,BB3,60,0.000111,-0.0136,0.000111,0.0136
BB3_T3,BB3,120,-0.007303,-0.012487,0.007303,0.012487
BB3_T3,BB3,300,0.001701,-0.006092,0.001701,0.006092
BB3_T4,BB3,10,-0.002061,-0.020604,0.002061,0.020604
BB3_T4,BB3,30,0.00638,-0.019401,0.00638,0.019401
BB3_T4,BB3,60,-0.005248,-0.016973,0.005248,0.016973
BB3_T4,BB3,120,-0.010597,-0.016262,0.010597,0.016262
BB3_T4,BB3,300,0.001956,-0.005719,0.001956,0.005719
BB3_T5,BB3,10,-0.003068,-0.019192,0.003068,0.019192
BB3_T5,BB3,30,-0.000508,-0.020512,0.000508,0.020512
BB3_T5,BB3,60,-0.01115,-0.020476,0.01115,0.020476
BB3_T5,BB3,120,-0.012614,-0.018382,0.012614,0.018382
BB3_T5,BB3,300,0.002825,-0.005931,0.002825,0.005931
BB3_T6,BB3,10,-0.00498,-0.018609,0.00498,0.018609
BB3_T6,BB3,30,-0.002563,-0.020198,0.002563,0.020198
BB3_T6,BB3,60,-0.011851,-0.021102,0.011851,0.021102
BB3_T6,BB3,120,-0.010539,-0.016799,0.010539,0.016799
BB3_T6,BB3,300,0.004823,-0.005202,0.004823,0.005202
BB3_T7,BB3,10,-0.001371,-0.009791,0.001371,0.009791
BB3_T7,BB3,30,0.00128,-0.009231,0.00128,0.009231
BB3_T7,BB3,60,-0.002496,-0.009423,0.002496,0.009423
BB3_T7,BB3,120,0.004251,-0.003385,0.004251,0.003385
BB3_T7,BB3,300,0.001257,-0.001567,0.001257,0.001567
BB3_T8,BB3,10,-0.001168,-0.00651,0.001168,0.00651
BB3_T8,BB3,30,0.000367,-0.006421,0.000367,0.006421
BB3_T8,BB3,60,-0.002819,-0.006369,0.002819,0.006369
BB3_T8,BB3,120,-0.001108,-0.002072,0.001108,0.002072
BB3_T8,BB3,300,-0.013174,-0.000602,0.013174,0.000602
BB3_T9,BB3,10,-0.002492,-0.002862,0.002492,0.002862
BB3_T9,BB3,30,-0.002618,-0.000863,0.002618,0.000863
BB3_T9,BB3,60,-0.006986,0.000174,0.006986,0.000174
BB3_T9,BB3,120,-0.008299,0.004728,0.008299,0.004728
BB3_T9,BB3,300,-0.024486,0.006303,0.024486,0.006303
BB3_T10,BB3,10,-0.004919,-0.003042,0.004919,0.003042
BB3_T10,BB3,30,-0.007373,-0.002186,0.007373,0.002186
BB3_T10,BB3,60,-0.012895,-0.003273,0.012895,0.003273
BB3_T10,BB3,120,-0.016215,-0.001144,0.016215,0.001144
BB3_T10,BB3,300,-0.030372,-0.000789,0.030372,0.000789
BB3_T11,BB3,10,-0.004928,-0.003132,0.004928,0.003132
BB3_T11,BB3,30,-0.007462,-0.002399,0.007462,0.002399
BB3_T11,BB3,60,-0.01302,-0.003835,0.01302,0.003835
BB3_T11,BB3,120,-0.016757,-0.00204,0.016757,0.00204
BB3_T11,BB3,300,-0.030135,-0.001341,0.030135,0.001341
BB3_T12,BB3,10,-0.002823,-0.00242,0.002823,0.00242
BB3_T12,BB3,30,-0.00439,-0.001139,0.00439,0.001139
BB3_T12,BB3,60,-0.008114,-0.001945,0.008114,0.001945
BB3_T12,BB3,120,-0.010093,-0.000659,0.010093,0.000659
BB3_T12,BB3,300,-0.017297,-0.001205,0.017297,0.001205
BB4_T1,BB4,10,-0.000736,0.001568,0.000736,0.001568
BB4_T1,BB4,30,-0.00139,0.004678,0.00139,0.004678
BB4_T1,BB4,60,-0.001897,0.007905,0.001897,0.007905
BB4_T1,BB4,120,-0.00066,0.009424,0.00066,0.009424
BB4_T1,BB4,300,-0.000951,0.004221,0.000951,0.004221
BB4_T2,BB4,10,-0.000704,0.001672,0.000704,0.001672
BB4_T2,BB4,30,-0.001408,0.004797,0.001408,0.004797
BB4_T2,BB4,60,-0.001925,0.007954,0.001925,0.007954
BB4_T2,BB4,120,-0.000652,0.00946,0.000652,0.00946
BB4_T2,BB4,300,-0.000978,0.00422,0.000978,0.00422
BB4_T3,BB4,10,-0.000751,0.001942,0.000751,0.001942
BB4_T3,BB4,30,-0.001617,0.005061,0.001617,0.005061
BB4_T3,BB4,60,-0.002018,0.008059,0.002018,0.008059
BB4_T3,BB4,120,-0.000682,0.009534,0.000682,0.009534
BB4_T3,BB4,300,-0.001077,0.004179,0.001077,0.004179
BB4_T4,BB4,10,-0.000935,0.002039,0.000935,0.002039
BB4_T4,BB4,30,-0.001779,0.00503,0.001779,0.00503
BB4_T4,BB4,60,-0.001962,0.00816,0.001962,0.00816
BB4_T4,BB4,120,-0.000603,0.009596,0.000603,0.009596
BB4_T4,BB4,300,-0.001167,0.004143,0.001167,0.004143
BB4_T5,BB4,10,-0.000924,0.002046,0.000924,0.002046
BB4_T5,BB4,30,-0.001682,0.005044,0.001682,0.005044
BB4_T5,BB4,60,-0.001818,0.008242,0.001818,0.008242
BB4_T5,BB4,120,-0.000503,0.009645,0.000503,0.009645
BB4_T5,BB4,300,-0.00124,0.004143,0.00124,0.004143
BB4_T6,BB4,10,-0.000876,0.002077,0.000876,0.002077
BB4_T6,BB4,30,-0.001617,0.005052,0.001617,0.005052
BB4_T6,BB4,60,-0.001728,0.008299,0.001728,0.008299
BB4_T6,BB4,120,-0.000516,0.009665,0.000516,0.009665
BB4_T6,BB4,300,-0.001344,0.004124,0.001344,0.004124
BB4_T7,BB4,10,-0.000984,0.002099,0.000984,0.002099
BB4_T7,BB4,30,-0.001817,0.004906,0.001817,0.004906
BB4_T7,BB4,60,-0.002103,0.008115,0.002103,0.008115
BB4_T7,BB4,120,-0.001362,0.009526,0.001362,0.009526
BB4_T7,BB4,300,-0.001117,0.00406,0.001117,0.00406
BB4_T8,BB4,10,-0.000799,0.00221,0.000799,0.00221
BB4_T8,BB4,30,-0.001463,0.00494,0.001463,0.00494
BB4_T8,BB4,60,-0.001537,0.008142,0.001537,0.008142
BB4_T8,BB4,120,-0.000318,0.009847,0.000318,0.009847
BB4_T8,BB4,300,0.001008,0.004513,0.001008,0.004513
BB4_T9,BB4,10,-0.000517,0.002235,0.000517,0.002235
BB4_T9,BB4,30,-0.000956,0.004949,0.000956,0.004949
BB4_T9,BB4,60,-0.000807,0.008168,0.000807,0.008168
BB4_T9,BB4,120,0.000767,0.010028,0.000767,0.010028
BB4_T9,BB4,300,0.002623,0.004726,0.002623,0.004726
BB4_T10,BB4,10,-5.6e-05,0.00248,5.6e-05,0.00248
BB4_T10,BB4,30,-0.000144,0.005295,0.000144,0.005295
BB4_T10,BB4,60,0.000275,0.008757,0.000275,0.008757
BB4_T10,BB4,120,0.002121,0.010393,0.002121,0.010393
BB4_T10,BB4,300,0.003919,0.004663,0.003919,0.004663
BB4_T11,BB4,10,4e-06,0.002405,4e-06,0.002405
BB4_T11,BB4,30,-2.3e-05,0.005163,2.3e-05,0.005163
BB4_T11,BB4,60,0.000459,0.008618,0.000459,0.008618
BB4_T11,BB4,120,0.002412,0.009974,0.002412,0.009974
BB4_T11,BB4,300,0.004311,0.004042,0.004311,0.004042
BB4_T12,BB4,10,-0.000304,0.001803,0.000304,0.001803
BB4_T12,BB4,30,-0.000538,0.004192,0.000538,0.004192
BB4_T12,BB4,60,-0.000223,0.007353,0.000223,0.007353
BB4_T12,BB4,120,0.001438,0.00842,0.001438,0.00842
BB4_T12,BB4,300,0.002618,0.002743,0.002618,0.002743
BB5_T1,BB5,10,-0.000764,0.001543,0.000764,0.001543
BB5_T1,BB5,30,-0.001401,0.004667,0.001401,0.004667
BB5_T1,BB5,60,-0.001906,0.007896,0.001906,0.007896
BB5_T1,BB5,120,-0.000667,0.009414,0.000667,0.009414
BB5_T1,BB5,300,-0.000955,0.004214,0.000955,0.004214
BB5_T2,BB5,10,-0.00073,0.001644,0.00073,0.001644
BB5_T2,BB5,30,-0.001425,0.004771,0.001425,0.004771
BB5_T2,BB5,60,-0.001927,0.007936,0.001927,0.007936
BB5_T2,BB5,120,-0.000662,0.009442,0.000662,0.009442
BB5_T2,BB5,300,-0.000979,0.004207,0.000979,0.004207
BB5_T3,BB5,10,-0.000771,0.001856,0.000771,0.001856
BB5_T3,BB5,30,-0.001572,0.004951,0.001572,0.004951
BB5_T3,BB5,60,-0.001969,0.008034,0.001969,0.008034
BB5_T3,BB5,120,-0.000654,0.009506,0.000654,0.009506
BB5_T3,BB5,300,-0.001063,0.00417,0.001063,0.00417
BB5_T4,BB5,10,-0.000839,0.001969,0.000839,0.001969
BB5_T4,BB5,30,-0.001647,0.005002,0.001647,0.005002
BB5_T4,BB5,60,-0.001923,0.008113,0.001923,0.008113
BB5_T4,BB5,120,-0.000622,0.00955,0.000622,0.00955
BB5_T4,BB5,300,-0.001155,0.004123,0.001155,0.004123
BB5_T5,BB5,10,-0.000862,0.002,0.000862,0.002
BB5_T5,BB5,30,-0.001654,0.004995,0.001654,0.004995
BB5_T5,BB5,60,-0.001879,0.008144,0.001879,0.008144
BB5_T5,BB5,120,-0.00064,0.009562,0.00064,0.009562
BB5_T5,BB5,300,-0.001218,0.004087,0.001218,0.004087
BB5_T6,BB5,10,-0.000874,0.002021,0.000874,0.002021
BB5_T6,BB5,30,-0.001656,0.00499,0.001656,0.00499
BB5_T6,BB5,60,-0.001862,0.00817,0.001862,0.00817
BB5_T6,BB5,120,-0.000692,0.009567,0.000692,0.009567
BB5_T6,BB5,300,-0.001239,0.004064,0.001239,0.004064
BB5_T7,BB5,10,-0.00089,0.002108,0.00089,0.002108
BB5_T7,BB5,30,-0.001648,0.004975,0.001648,0.004975
BB5_T7,BB5,60,-0.001832,0.008194,0.001832,0.008194
BB5_T7,BB5,120,-0.000797,0.009644,0.000797,0.009644
BB5_T7,BB5,300,-0.000707,0.004127,0.000707,0.004127
BB5_T8,BB5,10,-0.00074,0.002156,0.00074,0.002156
BB5_T8,BB5,30,-0.001364,0.004938,0.001364,0.004938
BB5_T8,BB5,60,-0.001414,0.008157,0.001414,0.008157
BB5_T8,BB5,120,-0.000191,0.009709,0.000191,0.009709
BB5_T8,BB5,300,0.000666,0.004225,0.000666,0.004225
BB5_T9,BB5,10,-0.00057,0.002183,0.00057,0.002183
BB5_T9,BB5,30,-0.001055,0.004933,0.001055,0.004933
BB5_T9,BB5,60,-0.000974,0.008205,0.000974,0.008205
BB5_T9,BB5,120,0.000435,0.009812,0.000435,0.009812
BB5_T9,BB5,300,0.001654,0.004254,0.001654,0.004254
BB5_T10,BB5,10,-0.000367,0.002207,0.000367,0.002207
BB5_T10,BB5,30,-0.000685,0.004919,0.000685,0.004919
BB5_T10,BB5,60,-0.000454,0.008239,0.000454,0.008239
BB5_T10,BB5,120,0.001153,0.009806,0.001153,0.009806
BB5_T10,BB5,300,0.002611,0.004159,0.002611,0.004159
BB5_T11,BB5,10,-0.00032,0.002202,0.00032,0.002202
BB5_T11,BB5,30,-0.000597,0.004908,0.000597,0.004908
BB5_T11,BB5,60,-0.00033,0.008234,0.00033,0.008234
BB5_T11,BB5,120,0.001322,0.009763,0.001322,0.009763
BB5_T11,BB5,300,0.0028,0.004065,0.0028,0.004065
BB5_T12,BB5,10,-0.000286,0.002134,0.000286,0.002134
BB5_T12,BB5,30,-0.000528,0.004819,0.000528,0.004819
BB5_T12,BB5,60,-0.000215,0.008195,0.000215,0.008195
BB5_T12,BB5,120,0.001464,0.009685,0.001464,0.009685
BB5_T12,BB5,300,0.002799,0.00431,0.002799,0.00431
BB6_T1,BB6,10,-0.000736,0.001568,0.000736,0.001568
BB6_T1,BB6,30,-0.00139,0.004678,0.00139,0.004678
BB6_T1,BB6,60,-0.001897,0.007905,0.001897,0.007905
BB6_T1,BB6,120,-0.00066,0.009424,0.00066,0.009424
BB6_T1,BB6,300,-0.000951,0.004221,0.000951,0.004221
BB6_T2,BB6,10,-0.000704,0.001672,0.000704,0.001672
BB6_T2,BB6,30,-0.001408,0.004797,0.001408,0.004797
BB6_T2,BB6,60,-0.001925,0.007954,0.001925,0.007954
BB6_T2,BB6,120,-0.000652,0.00946,0.000652,0.00946
BB6_T2,BB6,300,-0.000978,0.00422,0.000978,0.00422
BB6_T3,BB6,10,-0.000751,0.001942,0.000751,0.001942
BB6_T3,BB6,30,-0.001617,0.005061,0.001617,0.005061
BB6_T3,BB6,60,-0.002018,0.008059,0.002018,0.008059
BB6_T3,BB6,120,-0.000682,0.009534,0.000682,0.009534
BB6_T3,BB6,300,-0.001077,0.004179,0.001077,0.004179
BB6_T4,BB6,10,-0.000935,0.002039,0.000935,0.002039
BB6_T4,BB6,30,-0.001779,0.00503,0.001779,0.00503
BB6_T4,BB6,60,-0.001962,0.00816,0.001962,0.00816
BB6_T4,BB6,120,-0.000603,0.009596,0.000603,0.009596
BB6_T4,BB6,300,-0.001167,0.004143,0.001167,0.004143
BB6_T5,BB6,10,-0.000924,0.002046,0.000924,0.002046
BB6_T5,BB6,30,-0.001682,0.005044,0.001682,0.005044
BB6_T5,BB6,60,-0.001818,0.008242,0.001818,0.008242
BB6_T5,BB6,120,-0.000503,0.009645,0.000503,0.009645
BB6_T5,BB6,300,-0.00124,0.004143,0.00124,0.004143
BB6_T6,BB6,10,-0.000876,0.002077,0.000876,0.002077
BB6_T6,BB6,30,-0.001617,0.005052,0.001617,0.005052
BB6_T6,BB6,60,-0.001728,0.008299,0.001728,0.008299
BB6_T6,BB6,120,-0.000516,0.009665,0.000516,0.009665
BB6_T6,BB6,300,-0.001344,0.004124,0.001344,0.004124
BB6_T7,BB6,10,-0.000984,0.002099,0.000984,0.002099
BB6_T7,BB6,30,-0.001817,0.004906,0.001817,0.004906
BB6_T7,BB6,60,-0.002103,0.008115,0.002103,0.008115
BB6_T7,BB6,120,-0.001362,0.009526,0.001362,0.009526
BB6_T7,BB6,300,-0.001117,0.00406,0.001117,0.00406
BB6_T8,BB6,10,-0.000799,0.00221,0.000799,0.00221
BB6_T8,BB6,30,-0.001463,0.00494,0.001463,0.00494
BB6_T8,BB6,60,-0.001537,0.008142,0.001537,0.008142
BB6_T8,BB6,120,-0.000318,0.009847,0.000318,0.009847
BB6_T8,BB6,300,0.001008,0.004513,0.001008,0.004513
BB6_T9,BB6,10,-0.000517,0.002235,0.000517,0.002235
BB6_T9,BB6,30,-0.000956,0.004949,0.000956,0.004949
BB6_T9,BB6,60,-0.000807,0.008168,0.000807,0.008168
BB6_T9,BB6,120,0.000767,0.010028,0.000767,0.010028
BB6_T9,BB6,300,0.002623,0.004726,0.002623,0.004726
BB6_T10,BB6,10,-5.6e-05,0.00248,5.6e-05,0.00248
BB6_T10,BB6,30,-0.000144,0.005295,0.000144,0.005295
BB6_T10,BB6,60,0.000275,0.008757,0.000275,0.008757
BB6_T10,BB6,120,0.002121,0.010393,0.002121,0.010393
BB6_T10,BB6,300,0.003919,0.004663,0.003919,0.004663
BB6_T11,BB6,10,4e-06,0.002405,4e-06,0.002405
BB6_T11,BB6,30,-2.3e-05,0.005163,2.3e-05,0.005163
BB6_T11,BB6,60,0.000459,0.008618,0.000459,0.008618
BB6_T11,BB6,120,0.002412,0.009974,0.002412,0.009974
BB6_T11,BB6,300,0.004311,0.004042,0.004311,0.004042
BB6_T12,BB6,10,-0.000304,0.001803,0.000304,0.001803
BB6_T12,BB6,30,-0.000538,0.004192,0.000538,0.004192
BB6_T12,BB6,60,-0.000223,0.007353,0.000223,0.007353
BB6_T12,BB6,120,0.001438,0.00842,0.001438,0.00842
BB6_T12,BB6,300,0.002618,0.002743,0.002618,0.002743
BB7_T1,BB7,10,-0.000634,0.001643,0.000634,0.001643
BB7_T1,BB7,30,-0.001199,0.004795,0.001199,0.004795
BB7_T1,BB7,60,-0.001655,0.008003,0.001655,0.008003
BB7_T1,BB7,120,-0.000384,0.009552,0.000384,0.009552
BB7_T1,BB7,300,-0.000754,0.004351,0.000754,0.004351
BB7_T2,BB7,10,-0.000538,0.001787,0.000538,0.001787
BB7_T2,BB7,30,-0.00111,0.004971,0.00111,0.004971
BB7_T2,BB7,60,-0.001521,0.008096,0.001521,0.008096
BB7_T2,BB7,120,-0.000218,0.009636,0.000218,0.009636
BB7_T2,BB7,300,-0.000664,0.004402,0.000664,0.004402
BB7_T3,BB7,10,-0.000366,0.002197,0.000366,0.002197
BB7_T3,BB7,30,-0.000868,0.00538,0.000868,0.00538
BB7_T3,BB7,60,-0.001183,0.008275,0.001183,0.008275
BB7_T3,BB7,120,5.8e-05,0.009742,5.8e-05,0.009742
BB7_T3,BB7,300,-0.000533,0.004422,0.000533,0.004422
BB7_T4,BB7,10,-0.000168,0.002357,0.000168,0.002357
BB7_T4,BB7,30,-0.000554,0.005425,0.000554,0.005425
BB7_T4,BB7,60,-0.000764,0.008414,0.000764,0.008414
BB7_T4,BB7,120,0.000185,0.009622,0.000185,0.009622
BB7_T4,BB7,300,-0.000512,0.004384,0.000512,0.004384
BB7_T5,BB7,10,-3.3e-05,0.002324,3.3e-05,0.002324
BB7_T5,BB7,30,-0.000373,0.005453,0.000373,0.005453
BB7_T5,BB7,60,-0.00072,0.008448,0.00072,0.008448
BB7_T5,BB7,120,0.000114,0.009507,0.000114,0.009507
BB7_T5,BB7,300,-0.000599,0.004299,0.000599,0.004299
BB7_T6,BB7,10,-2.7e-05,0.002382,2.7e-05,0.002382
BB7_T6,BB7,30,-0.000576,0.005479,0.000576,0.005479
BB7_T6,BB7,60,-0.001071,0.008384,0.001071,0.008384
BB7_T6,BB7,120,-5.6e-05,0.009408,5.6e-05,0.009408
BB7_T6,BB7,300,-0.000787,0.004188,0.000787,0.004188
BB7_T7,BB7,10,-0.000599,0.00211,0.000599,0.00211
BB7_T7,BB7,30,-0.001332,0.004864,0.001332,0.004864
BB7_T7,BB7,60,-0.001548,0.00755,0.001548,0.00755
BB7_T7,BB7,120,-0.000374,0.008795,0.000374,0.008795
BB7_T7,BB7,300,-0.000399,0.003279,0.000399,0.003279
BB7_T8,BB7,10,-0.000262,0.002111,0.000262,0.002111
BB7_T8,BB7,30,-0.000692,0.004681,0.000692,0.004681
BB7_T8,BB7,60,-0.000561,0.007377,0.000561,0.007377
BB7_T8,BB7,120,0.000999,0.008591,0.000999,0.008591
BB7_T8,BB7,300,0.001809,0.004373,0.001809,0.004373
BB7_T9,BB7,10,5.7e-05,0.002555,5.7e-05,0.002555
BB7_T9,BB7,30,-0.000118,0.005268,0.000118,0.005268
BB7_T9,BB7,60,0.000305,0.008029,0.000305,0.008029
BB7_T9,BB7,120,0.00233,0.009499,0.00233,0.009499
BB7_T9,BB7,300,0.004336,0.006296,0.004336,0.006296
BB7_T10,BB7,10,0.000702,0.003244,0.000702,0.003244
BB7_T10,BB7,30,0.001089,0.006517,0.001089,0.006517
BB7_T10,BB7,60,0.002082,0.009979,0.002082,0.009979
BB7_T10,BB7,120,0.004864,0.012307,0.004864,0.012307
BB7_T10,BB7,300,0.007995,0.01145,0.007995,0.01145
BB7_T11,BB7,10,0.000885,0.003559,0.000885,0.003559
BB7_T11,BB7,30,0.001433,0.007098,0.001433,0.007098
BB7_T11,BB7,60,0.002519,0.01062,0.002519,0.01062
BB7_T11,BB7,120,0.005387,0.013076,0.005387,0.013076
BB7_T11,BB7,300,0.008767,0.012842,0.008767,0.012842
BB7_T12,BB7,10,0.000189,0.002977,0.000189,0.002977
BB7_T12,BB7,30,0.000249,0.006557,0.000249,0.006557
BB7_T12,BB7,60,0.000774,0.009822,0.000774,0.009822
BB7_T12,BB7,120,0.002691,0.011542,0.002691,0.011542
BB7_T12,BB7,300,0.003765,0.012259,0.003765,0.012259
BB8_T1,BB8,10,-0.000839,0.001506,0.000839,0.001506
BB8_T1,BB8,30,-0.001581,0.004573,0.001581,0.004573
BB8_T1,BB8,60,-0.00214,0.007819,0.00214,0.007819
BB8_T1,BB8,120,-0.000937,0.009312,0.000937,0.009312
BB8_T1,BB8,300,-0.001148,0.004117,0.001148,0.004117
BB8_T2,BB8,10,-0.00087,0.00158,0.00087,0.00158
BB8_T2,BB8,30,-0.001706,0.004639,0.001706,0.004639
BB8_T2,BB8,60,-0.002328,0.007833,0.002328,0.007833
BB8_T2,BB8,120,-0.001086,0.009308,0.001086,0.009308
BB8_T2,BB8,300,-0.001291,0.004079,0.001291,0.004079
BB8_T3,BB8,10,-0.001136,0.001702,0.001136,0.001702
BB8_T3,BB8,30,-0.002365,0.004753,0.002365,0.004753
BB8_T3,BB8,60,-0.002852,0.007862,0.002852,0.007862
BB8_T3,BB8,120,-0.001422,0.009367,0.001422,0.009367
BB8_T3,BB8,300,-0.001621,0.004024,0.001621,0.004024
BB8_T4,BB8,10,-0.001702,0.001703,0.001702,0.001703
BB8_T4,BB8,30,-0.003004,0.004643,0.003004,0.004643
BB8_T4,BB8,60,-0.00316,0.007923,0.00316,0.007923
BB8_T4,BB8,120,-0.00139,0.009614,0.00139,0.009614
BB8_T4,BB8,300,-0.001822,0.004054,0.001822,0.004054
BB8_T5,BB8,10,-0.001814,0.001778,0.001814,0.001778
BB8_T5,BB8,30,-0.00299,0.004719,0.00299,0.004719
BB8_T5,BB8,60,-0.002914,0.008114,0.002914,0.008114
BB8_T5,BB8,120,-0.001119,0.009855,0.001119,0.009855
BB8_T5,BB8,300,-0.00188,0.004197,0.00188,0.004197
BB8_T6,BB8,10,-0.001724,0.001843,0.001724,0.001843
BB8_T6,BB8,30,-0.002657,0.004785,0.002657,0.004785
BB8_T6,BB8,60,-0.002382,0.008332,0.002382,0.008332
BB8_T6,BB8,120,-0.000975,0.009975,0.000975,0.009975
BB8_T6,BB8,300,-0.001899,0.004308,0.001899,0.004308
BB8_T7,BB8,10,-0.001364,0.00213,0.001364,0.00213
BB8_T7,BB8,30,-0.002294,0.005033,0.002294,0.005033
BB8_T7,BB8,60,-0.002649,0.008632,0.002649,0.008632
BB8_T7,BB8,120,-0.002344,0.010239,0.002344,0.010239
BB8_T7,BB8,300,-0.001831,0.004986,0.001831,0.004986
BB8_T8,BB8,10,-0.001326,0.002237,0.001326,0.002237
BB8_T8,BB8,30,-0.002217,0.005031,0.002217,0.005031
BB8_T8,BB8,60,-0.002494,0.008576,0.002494,0.008576
BB8_T8,BB8,120,-0.001626,0.010527,0.001626,0.010527
BB8_T8,BB8,300,0.000202,0.004228,0.000202,0.004228
BB8_T9,BB8,10,-0.001079,0.002092,0.001079,0.002092
BB8_T9,BB8,30,-0.001774,0.004862,0.001774,0.004862
BB8_T9,BB8,60,-0.001898,0.008441,0.001898,0.008441
BB8_T9,BB8,120,-0.000793,0.010247,0.000793,0.010247
BB8_T9,BB8,300,0.000888,0.002936,0.000888,0.002936
BB8_T10,BB8,10,-0.000803,0.001494,0.000803,0.001494
BB8_T10,BB8,30,-0.001357,0.003662,0.001357,0.003662
BB8_T10,BB8,60,-0.001515,0.006737,0.001515,0.006737
BB8_T10,BB8,120,-0.000633,0.007058,0.000633,0.007058
BB8_T10,BB8,300,-0.000188,-0.003035,0.000188,0.003035
BB8_T11,BB8,10,-0.000865,0.001032,0.000865,0.001032
BB8_T11,BB8,30,-0.001457,0.002879,0.001457,0.002879
BB8_T11,BB8,60,-0.001584,0.005855,0.001584,0.005855
BB8_T11,BB8,120,-0.000581,0.005721,0.000581,0.005721
BB8_T11,BB8,300,-0.000192,-0.004754,0.000192,0.004754
BB8_T12,BB8,10,-0.000771,-0.000733,0.000771,0.000733
BB8_T12,BB8,30,-0.001282,-0.000119,0.001282,0.000119
BB8_T12,BB8,60,-0.001188,0.0018,0.001188,0.0018
BB8_T12,BB8,120,0.00014,0.00106,0.00014,0.00106
BB8_T12,BB8,300,0.001363,-0.010729,0.001363,0.010729
BB9_T1,BB9,10,0.010628,0.00778,0.010628,0.00778
BB9_T1,BB9,30,0.01987,0.008207,0.01987,0.008207
BB9_T1,BB9,60,0.025218,0.006285,0.025218,0.006285
BB9_T1,BB9,120,0.028761,0.007831,0.028761,0.007831
BB9_T1,BB9,300,0.020498,0.011032,0.020498,0.011032
BB9_T2,BB9,10,0.012734,0.007894,0.012734,0.007894
BB9_T2,BB9,30,0.022856,0.008225,0.022856,0.008225
BB9_T2,BB9,60,0.030942,0.006265,0.030942,0.006265
BB9_T2,BB9,120,0.033278,0.006859,0.033278,0.006859
BB9_T2,BB9,300,0.024028,0.011159,0.024028,0.011159
BB9_T3,BB9,10,0.017851,0.007646,0.017851,0.007646
BB9_T3,BB9,30,0.034714,0.006131,0.034714,0.006131
BB9_T3,BB9,60,0.03868,0.004191,0.03868,0.004191
BB9_T3,BB9,120,0.034326,0.00265,0.034326,0.00265
BB9_T3,BB9,300,0.025214,0.00771,0.025214,0.00771
BB9_T4,BB9,10,0.025333,0.006621,0.025333,0.006621
BB9_T4,BB9,30,0.04046,0.007189,0.04046,0.007189
BB9_T4,BB9,60,0.039565,0.003014,0.039565,0.003014
BB9_T4,BB9,120,0.026009,-0.000654,0.026009,0.000654
BB9_T4,BB9,300,0.021625,0.004024,0.021625,0.004024
BB9_T5,BB9,10,0.023932,0.006361,0.023932,0.006361
BB9_T5,BB9,30,0.035152,0.00636,0.035152,0.00636
BB9_T5,BB9,60,0.029477,0.001079,0.029477,0.001079
BB9_T5,BB9,120,0.016573,-0.002198,0.016573,0.002198
BB9_T5,BB9,300,0.017193,-0.001038,0.017193,0.001038
BB9_T6,BB9,10,0.019702,0.005125,0.019702,0.005125
BB9_T6,BB9,30,0.024162,0.005054,0.024162,0.005054
BB9_T6,BB9,60,0.015208,-0.000249,0.015208,0.000249
BB9_T6,BB9,120,0.010664,-0.002724,0.010664,0.002724
BB9_T6,BB9,300,0.012902,-0.003427,0.012902,0.003427
BB9_T7,BB9,10,0.005617,0.001905,0.005617,0.001905
BB9_T7,BB9,30,0.007057,-0.000162,0.007057,0.000162
BB9_T7,BB9,60,0.008083,-0.006247,0.008083,0.006247
BB9_T7,BB9,120,0.014465,-0.00768,0.014465,0.00768
BB9_T7,BB9,300,0.010515,-0.008201,0.010515,0.008201
BB9_T8,BB9,10,0.005516,-8.9e-05,0.005516,8.9e-05
BB9_T8,BB9,30,0.007917,-0.001767,0.007917,0.001767
BB9_T8,BB9,60,0.010022,-0.006578,0.010022,0.006578
BB9_T8,BB9,120,0.013573,-0.01046,0.013573,0.01046
BB9_T8,BB9,300,0.008281,-0.012944,0.008281,0.012944
BB9_T9,BB9,10,0.004858,-0.000467,0.004858,0.000467
BB9_T9,BB9,30,0.007088,-0.002615,0.007088,0.002615
BB9_T9,BB9,60,0.009414,-0.007583,0.009414,0.007583
BB9_T9,BB9,120,0.013274,-0.010767,0.013274,0.010767
BB9_T9,BB9,300,0.014592,-0.006563,0.014592,0.006563
BB9_T10,BB9,10,0.005118,0.002615,0.005118,0.002615
BB9_T10,BB9,30,0.008323,0.003808,0.008323,0.003808
BB9_T10,BB9,60,0.012219,0.001064,0.012219,0.001064
BB9_T10,BB9,120,0.018599,0.00161,0.018599,0.00161
BB9_T10,BB9,300,0.027655,0.01673,0.027655,0.01673
BB9_T11,BB9,10,0.005492,0.004047,0.005492,0.004047
BB9_T11,BB9,30,0.009073,0.006443,0.009073,0.006443
BB9_T11,BB9,60,0.012855,0.005184,0.012855,0.005184
BB9_T11,BB9,120,0.018623,0.007788,0.018623,0.007788
BB9_T11,BB9,300,0.027927,0.026148,0.027927,0.026148
BB9_T12,BB9,10,0.002159,0.004044,0.002159,0.004044
BB9_T12,BB9,30,0.003443,0.006977,0.003443,0.006977
BB9_T12,BB9,60,0.00439,0.007125,0.00439,0.007125
BB9_T12,BB9,120,0.005626,0.008468,0.005626,0.008468
BB9_T12,BB9,300,0.005238,0.021815,0.005238,0.021815
BB10_T1,BB10,10,-0.008521,-0.017874,0.008521,0.017874
BB10_T1,BB10,30,-0.004355,-0.011921,0.004355,0.011921
BB10_T1,BB10,60,-0.002228,-0.007833,0.002228,0.007833
BB10_T1,BB10,120,-0.002124,-0.006678,0.002124,0.006678
BB10_T1,BB10,300,0.000143,-0.003548,0.000143,0.003548
BB10_T2,BB10,10,-0.006792,-0.019348,0.006792,0.019348
BB10_T2,BB10,30,-0.004666,-0.01615,0.004666,0.01615
BB10_T2,BB10,60,-0.001821,-0.010443,0.001821,0.010443
BB10_T2,BB10,120,-0.001856,-0.008854,0.001856,0.008854
BB10_T2,BB10,300,0.001372,-0.004697,0.001372,0.004697
BB10_T3,BB10,10,-0.008372,-0.025121,0.008372,0.025121
BB10_T3,BB10,30,-0.004647,-0.021798,0.004647,0.021798
BB10_T3,BB10,60,-0.001909,-0.014797,0.001909,0.014797
BB10_T3,BB10,120,-0.001132,-0.012085,0.001132,0.012085
BB10_T3,BB10,300,0.001718,-0.007398,0.001718,0.007398
BB10_T4,BB10,10,-0.005922,-0.022805,0.005922,0.022805
BB10_T4,BB10,30,-0.000781,-0.019471,0.000781,0.019471
BB10_T4,BB10,60,-0.000376,-0.0156,0.000376,0.0156
BB10_T4,BB10,120,0.002008,-0.012319,0.002008,0.012319
BB10_T4,BB10,300,0.003874,-0.007632,0.003874,0.007632
BB10_T5,BB10,10,-0.003888,-0.019839,0.003888,0.019839
BB10_T5,BB10,30,0.001059,-0.017391,0.001059,0.017391
BB10_T5,BB10,60,0.001132,-0.014979,0.001132,0.014979
BB10_T5,BB10,120,0.004102,-0.012171,0.004102,0.012171
BB10_T5,BB10,300,0.006052,-0.007672,0.006052,0.007672
BB10_T6,BB10,10,-0.002989,-0.018348,0.002989,0.018348
BB10_T6,BB10,30,0.001616,-0.01587,0.001616,0.01587
BB10_T6,BB10,60,0.002107,-0.014715,0.002107,0.014715
BB10_T6,BB10,120,0.00524,-0.011607,0.00524,0.011607
BB10_T6,BB10,300,0.007546,-0.007324,0.007546,0.007324
BB10_T7,BB10,10,-0.000166,-0.010961,0.000166,0.010961
BB10_T7,BB10,30,0.004342,-0.009045,0.004342,0.009045
BB10_T7,BB10,60,0.007515,-0.008481,0.007515,0.008481
BB10_T7,BB10,120,0.011904,-0.00555,0.011904,0.00555
BB10_T7,BB10,300,0.010735,-0.006495,0.010735,0.006495
BB10_T8,BB10,10,0.000229,-0.0082,0.000229,0.0082
BB10_T8,BB10,30,0.004001,-0.006602,0.004001,0.006602
BB10_T8,BB10,60,0.005961,-0.007251,0.005961,0.007251
BB10_T8,BB10,120,0.008401,-0.005267,0.008401,0.005267
BB10_T8,BB10,300,0.009094,-0.001182,0.009094,0.001182
BB10_T9,BB10,10,0.000972,-0.005663,0.000972,0.005663
BB10_T9,BB10,30,0.004257,-0.003418,0.004257,0.003418
BB10_T9,BB10,60,0.006369,-0.003402,0.006369,0.003402
BB10_T9,BB10,120,0.008951,-0.001149,0.008951,0.001149
BB10_T9,BB10,300,0.00788,0.002107,0.00788,0.002107
BB10_T10,BB10,10,-0.001711,-0.005011,0.001711,0.005011
BB10_T10,BB10,30,-0.000759,-0.003224,0.000759,0.003224
BB10_T10,BB10,60,-0.000522,-0.004672,0.000522,0.004672
BB10_T10,BB10,120,0.000438,-0.003032,0.000438,0.003032
BB10_T10,BB10,300,0.000918,-0.002786,0.000918,0.002786
BB10_T11,BB10,10,-0.001464,-0.004613,0.001464,0.004613
BB10_T11,BB10,30,-0.000462,-0.003096,0.000462,0.003096
BB10_T11,BB10,60,-6.7e-05,-0.004604,6.7e-05,0.004604
BB10_T11,BB10,120,0.000803,-0.002768,0.000803,0.002768
BB10_T11,BB10,300,0.001266,-0.001324,0.001266,0.001324
BB10_T12,BB10,10,0.000663,-0.001965,0.000663,0.001965
BB10_T12,BB10,30,0.002677,0.000763,0.002677,0.000763
BB10_T12,BB10,60,0.004001,0.001489,0.004001,0.001489
BB10_T12,BB10,120,0.00606,0.004868,0.00606,0.004868
BB10_T12,BB10,300,0.005276,0.009044,0.005276,0.009044
BB11_T1,BB11,10,-0.000666,0.001612,0.000666,0.001612
BB11_T1,BB11,30,-0.001264,0.004746,0.001264,0.004746
BB11_T1,BB11,60,-0.001742,0.007962,0.001742,0.007962
BB11_T1,BB11,120,-0.000475,0.009505,0.000475,0.009505
BB11_T1,BB11,300,-0.000812,0.004304,0.000812,0.004304
BB11_T2,BB11,10,-0.000591,0.00173,0.000591,0.00173
BB11_T2,BB11,30,-0.001186,0.004909,0.001186,0.004909
BB11_T2,BB11,60,-0.001647,0.008039,0.001647,0.008039
BB11_T2,BB11,120,-0.000325,0.009581,0.000325,0.009581
BB11_T2,BB11,300,-0.000724,0.004354,0.000724,0.004354
BB11_T3,BB11,10,-0.000512,0.002083,0.000512,0.002083
BB11_T3,BB11,30,-0.001063,0.005245,0.001063,0.005245
BB11_T3,BB11,60,-0.001429,0.008197,0.001429,0.008197
BB11_T3,BB11,120,-7.5e-05,0.009669,7.5e-05,0.009669
BB11_T3,BB11,300,-0.000602,0.004369,0.000602,0.004369
BB11_T4,BB11,10,-0.000388,0.002203,0.000388,0.002203
BB11_T4,BB11,30,-0.000852,0.005309,0.000852,0.005309
BB11_T4,BB11,60,-0.000961,0.008361,0.000961,0.008361
BB11_T4,BB11,120,0.000237,0.009634,0.000237,0.009634
BB11_T4,BB11,300,-0.000439,0.004372,0.000439,0.004372
BB11_T5,BB11,10,-0.000176,0.002271,0.000176,0.002271
BB11_T5,BB11,30,-0.000468,0.005452,0.000468,0.005452
BB11_T5,BB11,60,-0.000634,0.008453,0.000634,0.008453
BB11_T5,BB11,120,0.000404,0.00962,0.000404,0.00962
BB11_T5,BB11,300,-0.000375,0.004303,0.000375,0.004303
BB11_T6,BB11,10,-2.1e-05,0.00232,2.1e-05,0.00232
BB11_T6,BB11,30,-0.000411,0.005432,0.000411,0.005432
BB11_T6,BB11,60,-0.000661,0.008445,0.000661,0.008445
BB11_T6,BB11,120,0.000398,0.009559,0.000398,0.009559
BB11_T6,BB11,300,-0.00048,0.004234,0.00048,0.004234
BB11_T7,BB11,10,-0.000278,0.002128,0.000278,0.002128
BB11_T7,BB11,30,-0.000731,0.005047,0.000731,0.005047
BB11_T7,BB11,60,-0.000904,0.007995,0.000904,0.007995
BB11_T7,BB11,120,0.000199,0.009235,0.000199,0.009235
BB11_T7,BB11,300,0.000107,0.003719,0.000107,0.003719
BB11_T8,BB11,10,0.000141,0.002209,0.000141,0.002209
BB11_T8,BB11,30,-0.000102,0.005137,0.000102,0.005137
BB11_T8,BB11,60,-3.9e-05,0.00805,3.9e-05,0.00805
BB11_T8,BB11,120,0.001578,0.009436,0.001578,0.009436
BB11_T8,BB11,300,0.002666,0.005367,0.002666,0.005367
BB11_T9,BB11,10,0.000453,0.002519,0.000453,0.002519
BB11_T9,BB11,30,0.000416,0.005603,0.000416,0.005603
BB11_T9,BB11,60,0.000737,0.008615,0.000737,0.008615
BB11_T9,BB11,120,0.002854,0.010416,0.002854,0.010416
BB11_T9,BB11,300,0.005617,0.007822,0.005617,0.007822
BB11_T10,BB11,10,0.000822,0.003242,0.000822,0.003242
BB11_T10,BB11,30,0.001182,0.006771,0.001182,0.006771
BB11_T10,BB11,60,0.002007,0.010361,0.002007,0.010361
BB11_T10,BB11,120,0.004716,0.012456,0.004716,0.012456
BB11_T10,BB11,300,0.007762,0.011661,0.007762,0.011661
BB11_T11,BB11,10,0.00108,0.003506,0.00108,0.003506
BB11_T11,BB11,30,0.001656,0.007363,0.001656,0.007363
BB11_T11,BB11,60,0.002681,0.011035,0.002681,0.011035
BB11_T11,BB11,120,0.005747,0.013286,0.005747,0.013286
BB11_T11,BB11,300,0.009085,0.013093,0.009085,0.013093
BB11_T12,BB11,10,0.000412,0.003209,0.000412,0.003209
BB11_T12,BB11,30,0.000497,0.006993,0.000497,0.006993
BB11_T12,BB11,60,0.0011,0.010712,0.0011,0.010712
BB11_T12,BB11,120,0.003316,0.01313,0.003316,0.01313
BB11_T12,BB11,300,0.005064,0.014741,0.005064,0.014741
BB12_T1,BB12,10,-0.000815,0.001512,0.000815,0.001512
BB12_T1,BB12,30,-0.001523,0.004598,0.001523,0.004598
BB12_T1,BB12,60,-0.002064,0.007842,0.002064,0.007842
BB12_T1,BB12,120,-0.000839,0.009346,0.000839,0.009346
BB12_T1,BB12,300,-0.00107,0.004153,0.00107,0.004153
BB12_T2,BB12,10,-0.00086,0.00156,0.00086,0.00156
BB12_T2,BB12,30,-0.001644,0.004652,0.001644,0.004652
BB12_T2,BB12,60,-0.002235,0.007846,0.002235,0.007846
BB12_T2,BB12,120,-0.000961,0.00933,0.000961,0.00933
BB12_T2,BB12,300,-0.001182,0.004108,0.001182,0.004108
BB12_T3,BB12,10,-0.001126,0.001687,0.001126,0.001687
BB12_T3,BB12,30,-0.002225,0.004752,0.002225,0.004752
BB12_T3,BB12,60,-0.002722,0.007861,0.002722,0.007861
BB12_T3,BB12,120,-0.001301,0.009332,0.001301,0.009332
BB12_T3,BB12,300,-0.001491,0.004013,0.001491,0.004013
BB12_T4,BB12,10,-0.001526,0.001698,0.001526,0.001698
BB12_T4,BB12,30,-0.002698,0.004655,0.002698,0.004655
BB12_T4,BB12,60,-0.002969,0.007845,0.002969,0.007845
BB12_T4,BB12,120,-0.001253,0.009464,0.001253,0.009464
BB12_T4,BB12,300,-0.001681,0.004016,0.001681,0.004016
BB12_T5,BB12,10,-0.001548,0.001747,0.001548,0.001747
BB12_T5,BB12,30,-0.002631,0.004653,0.002631,0.004653
BB12_T5,BB12,60,-0.002649,0.008009,0.002649,0.008009
BB12_T5,BB12,120,-0.001015,0.009671,0.001015,0.009671
BB12_T5,BB12,300,-0.00177,0.004128,0.00177,0.004128
BB12_T6,BB12,10,-0.001382,0.001787,0.001382,0.001787
BB12_T6,BB12,30,-0.002279,0.004731,0.002279,0.004731
BB12_T6,BB12,60,-0.002196,0.008181,0.002196,0.008181
BB12_T6,BB12,120,-0.00103,0.009735,0.00103,0.009735
BB12_T6,BB12,300,-0.00188,0.004187,0.00188,0.004187
BB12_T7,BB12,10,-0.001429,0.001996,0.001429,0.001996
BB12_T7,BB12,30,-0.002445,0.004924,0.002445,0.004924
BB12_T7,BB12,60,-0.002839,0.008574,0.002839,0.008574
BB12_T7,BB12,120,-0.002274,0.010243,0.002274,0.010243
BB12_T7,BB12,300,-0.001613,0.004963,0.001613,0.004963
BB12_T8,BB12,10,-0.001221,0.002081,0.001221,0.002081
BB12_T8,BB12,30,-0.002111,0.00495,0.002111,0.00495
BB12_T8,BB12,60,-0.002281,0.008602,0.002281,0.008602
BB12_T8,BB12,120,-0.001171,0.010536,0.001171,0.010536
BB12_T8,BB12,300,0.000141,0.004074,0.000141,0.004074
BB12_T9,BB12,10,-0.001032,0.001937,0.001032,0.001937
BB12_T9,BB12,30,-0.001764,0.004758,0.001764,0.004758
BB12_T9,BB12,60,-0.001796,0.008279,0.001796,0.008279
BB12_T9,BB12,120,-0.000624,0.009843,0.000624,0.009843
BB12_T9,BB12,300,0.00126,0.00322,0.00126,0.00322
BB12_T10,BB12,10,-0.000576,0.001472,0.000576,0.001472
BB12_T10,BB12,30,-0.001113,0.003941,0.001113,0.003941
BB12_T10,BB12,60,-0.001152,0.007247,0.001152,0.007247
BB12_T10,BB12,120,-0.000111,0.007767,0.000111,0.007767
BB12_T10,BB12,300,0.001172,-0.000382,0.001172,0.000382
BB12_T11,BB12,10,-0.000567,0.0013,0.000567,0.0013
BB12_T11,BB12,30,-0.001,0.003598,0.001,0.003598
BB12_T11,BB12,60,-0.000809,0.006974,0.000809,0.006974
BB12_T11,BB12,120,0.000469,0.007454,0.000469,0.007454
BB12_T11,BB12,300,0.001312,-0.001582,0.001312,0.001582
BB12_T12,BB12,10,-0.000916,-0.000276,0.000916,0.000276
BB12_T12,BB12,30,-0.001596,0.00098,0.001596,0.00098
BB12_T12,BB12,60,-0.001633,0.003365,0.001633,0.003365
BB12_T12,BB12,120,-0.000646,0.002943,0.000646,0.002943
BB12_T12,BB12,300,0.000769,-0.007651,0.000769,0.007651
BB13_T1,BB13,10,-0.000764,0.001543,0.000764,0.001543
BB13_T1,BB13,30,-0.001401,0.004667,0.001401,0.004667
BB13_T1,BB13,60,-0.001906,0.007896,0.001906,0.007896
BB13_T1,BB13,120,-0.000667,0.009414,0.000667,0.009414
BB13_T1,BB13,300,-0.000955,0.004214,0.000955,0.004214
BB13_T2,BB13,10,-0.00073,0.001644,0.00073,0.001644
BB13_T2,BB13,30,-0.001425,0.004771,0.001425,0.004771
BB13_T2,BB13,60,-0.001927,0.007936,0.001927,0.007936
BB13_T2,BB13,120,-0.000662,0.009442,0.000662,0.009442
BB13_T2,BB13,300,-0.000979,0.004207,0.000979,0.004207
BB13_T3,BB13,10,-0.000771,0.001856,0.000771,0.001856
BB13_T3,BB13,30,-0.001572,0.004951,0.001572,0.004951
BB13_T3,BB13,60,-0.001969,0.008034,0.001969,0.008034
BB13_T3,BB13,120,-0.000654,0.009506,0.000654,0.009506
BB13_T3,BB13,300,-0.001063,0.00417,0.001063,0.00417
BB13_T4,BB13,10,-0.000839,0.001969,0.000839,0.001969
BB13_T4,BB13,30,-0.001647,0.005002,0.001647,0.005002
BB13_T4,BB13,60,-0.001923,0.008113,0.001923,0.008113
BB13_T4,BB13,120,-0.000622,0.00955,0.000622,0.00955
BB13_T4,BB13,300,-0.001155,0.004123,0.001155,0.004123
BB13_T5,BB13,10,-0.000862,0.002,0.000862,0.002
BB13_T5,BB13,30,-0.001654,0.004995,0.001654,0.004995
BB13_T5,BB13,60,-0.001879,0.008144,0.001879,0.008144
BB13_T5,BB13,120,-0.00064,0.009562,0.00064,0.009562
BB13_T5,BB13,300,-0.001218,0.004087,0.001218,0.004087
BB13_T6,BB13,10,-0.000874,0.002021,0.000874,0.002021
BB13_T6,BB13,30,-0.001656,0.00499,0.001656,0.00499
BB13_T6,BB13,60,-0.001862,0.00817,0.001862,0.00817
BB13_T6,BB13,120,-0.000692,0.009567,0.000692,0.009567
BB13_T6,BB13,300,-0.001239,0.004064,0.001239,0.004064
BB13_T7,BB13,10,-0.00089,0.002108,0.00089,0.002108
BB13_T7,BB13,30,-0.001648,0.004975,0.001648,0.004975
BB13_T7,BB13,60,-0.001832,0.008194,0.001832,0.008194
BB13_T7,BB13,120,-0.000797,0.009644,0.000797,0.009644
BB13_T7,BB13,300,-0.000707,0.004127,0.000707,0.004127
BB13_T8,BB13,10,-0.00074,0.002156,0.00074,0.002156
BB13_T8,BB13,30,-0.001364,0.004938,0.001364,0.004938
BB13_T8,BB13,60,-0.001414,0.008157,0.001414,0.008157
BB13_T8,BB13,120,-0.000191,0.009709,0.000191,0.009709
BB13_T8,BB13,300,0.000666,0.004225,0.000666,0.004225
BB13_T9,BB13,10,-0.00057,0.002183,0.00057,0.002183
BB13_T9,BB13,30,-0.001055,0.004933,0.001055,0.004933
BB13_T9,BB13,60,-0.000974,0.008205,0.000974,0.008205
BB13_T9,BB13,120,0.000435,0.009812,0.000435,0.009812
BB13_T9,BB13,300,0.001654,0.004254,0.001654,0.004254
BB13_T10,BB13,10,-0.000367,0.002207,0.000367,0.002207
BB13_T10,BB13,30,-0.000685,0.004919,0.000685,0.004919
BB13_T10,BB13,60,-0.000454,0.008239,0.000454,0.008239
BB13_T10,BB13,120,0.001153,0.009806,0.001153,0.009806
BB13_T10,BB13,300,0.002611,0.004159,0.002611,0.004159
BB13_T11,BB13,10,-0.00032,0.002202,0.00032,0.002202
BB13_T11,BB13,30,-0.000597,0.004908,0.000597,0.004908
BB13_T11,BB13,60,-0.00033,0.008234,0.00033,0.008234
BB13_T11,BB13,120,0.001322,0.009763,0.001322,0.009763
BB13_T11,BB13,300,0.0028,0.004065,0.0028,0.004065
BB13_T12,BB13,10,-0.000286,0.002134,0.000286,0.002134
BB13_T12,BB13,30,-0.000528,0.004819,0.000528,0.004819
BB13_T12,BB13,60,-0.000215,0.008195,0.000215,0.008195
BB13_T12,BB13,120,0.001464,0.009685,0.001464,0.009685
BB13_T12,BB13,300,0.002799,0.00431,0.002799,0.00431
BB14_T1,BB14,10,-0.000663,0.001613,0.000663,0.001613
BB14_T1,BB14,30,-0.001239,0.004771,0.001239,0.004771
BB14_T1,BB14,60,-0.001714,0.007983,0.001714,0.007983
BB14_T1,BB14,120,-0.000432,0.009535,0.000432,0.009535
BB14_T1,BB14,300,-0.000795,0.004329,0.000795,0.004329
BB14_T2,BB14,10,-0.000619,0.001711,0.000619,0.001711
BB14_T2,BB14,30,-0.001272,0.004865,0.001272,0.004865
BB14_T2,BB14,60,-0.001747,0.00802,0.001747,0.00802
BB14_T2,BB14,120,-0.000433,0.009559,0.000433,0.009559
BB14_T2,BB14,300,-0.000826,0.004317,0.000826,0.004317
BB14_T3,BB14,10,-0.000675,0.001912,0.000675,0.001912
BB14_T3,BB14,30,-0.001434,0.005033,0.001434,0.005033
BB14_T3,BB14,60,-0.001817,0.00811,0.001817,0.00811
BB14_T3,BB14,120,-0.000447,0.009605,0.000447,0.009605
BB14_T3,BB14,300,-0.000932,0.004259,0.000932,0.004259
BB14_T4,BB14,10,-0.00076,0.002008,0.00076,0.002008
BB14_T4,BB14,30,-0.001538,0.005065,0.001538,0.005065
BB14_T4,BB14,60,-0.001779,0.008186,0.001779,0.008186
BB14_T4,BB14,120,-0.000439,0.009622,0.000439,0.009622
BB14_T4,BB14,300,-0.001038,0.004198,0.001038,0.004198
BB14_T5,BB14,10,-0.000789,0.002049,0.000789,0.002049
BB14_T5,BB14,30,-0.001542,0.005068,0.001542,0.005068
BB14_T5,BB14,60,-0.001734,0.008212,0.001734,0.008212
BB14_T5,BB14,120,-0.000472,0.009616,0.000472,0.009616
BB14_T5,BB14,300,-0.001114,0.004154,0.001114,0.004154
BB14_T6,BB14,10,-0.000804,0.002059,0.000804,0.002059
BB14_T6,BB14,30,-0.00155,0.005049,0.00155,0.005049
BB14_T6,BB14,60,-0.001732,0.008214,0.001732,0.008214
BB14_T6,BB14,120,-0.000542,0.009601,0.000542,0.009601
BB14_T6,BB14,300,-0.001152,0.004123,0.001152,0.004123
BB14_T7,BB14,10,-0.000852,0.002105,0.000852,0.002105
BB14_T7,BB14,30,-0.001595,0.004974,0.001595,0.004974
BB14_T7,BB14,60,-0.001766,0.008178,0.001766,0.008178
BB14_T7,BB14,120,-0.000718,0.009634,0.000718,0.009634
BB14_T7,BB14,300,-0.00066,0.004166,0.00066,0.004166
BB14_T8,BB14,10,-0.000712,0.002163,0.000712,0.002163
BB14_T8,BB14,30,-0.001326,0.004956,0.001326,0.004956
BB14_T8,BB14,60,-0.001361,0.008175,0.001361,0.008175
BB14_T8,BB14,120,-0.000115,0.009751,0.000115,0.009751
BB14_T8,BB14,300,0.000741,0.004338,0.000741,0.004338
BB14_T9,BB14,10,-0.000542,0.002201,0.000542,0.002201
BB14_T9,BB14,30,-0.001013,0.004969,0.001013,0.004969
BB14_T9,BB14,60,-0.000914,0.008253,0.000914,0.008253
BB14_T9,BB14,120,0.000525,0.009904,0.000525,0.009904
BB14_T9,BB14,300,0.001766,0.004443,0.001766,0.004443
BB14_T10,BB14,10,-0.000329,0.002234,0.000329,0.002234
BB14_T10,BB14,30,-0.000626,0.00496,0.000626,0.00496
BB14_T10,BB14,60,-0.000371,0.008292,0.000371,0.008292
BB14_T10,BB14,120,0.001274,0.009897,0.001274,0.009897
BB14_T10,BB14,300,0.00276,0.004344,0.00276,0.004344
BB14_T11,BB14,10,-0.000282,0.002231,0.000282,0.002231
BB14_T11,BB14,30,-0.000539,0.004958,0.000539,0.004958
BB14_T11,BB14,60,-0.000248,0.008293,0.000248,0.008293
BB14_T11,BB14,120,0.001443,0.009845,0.001443,0.009845
BB14_T11,BB14,300,0.002956,0.004249,0.002956,0.004249
BB14_T12,BB14,10,-0.000235,0.002183,0.000235,0.002183
BB14_T12,BB14,30,-0.000446,0.004888,0.000446,0.004888
BB14_T12,BB14,60,-0.000101,0.00828,0.000101,0.00828
BB14_T12,BB14,120,0.001631,0.009835,0.001631,0.009835
BB14_T12,BB14,300,0.003024,0.004586,0.003024,0.004586
BB15_T1,BB15,10,-0.000864,0.001482,0.000864,0.001482
BB15_T1,BB15,30,-0.001564,0.00457,0.001564,0.00457
BB15_T1,BB15,60,-0.002098,0.007816,0.002098,0.007816
BB15_T1,BB15,120,-0.000902,0.009303,0.000902,0.009303
BB15_T1,BB15,300,-0.001116,0.004118,0.001116,0.004118
BB15_T2,BB15,10,-0.000841,0.001582,0.000841,0.001582
BB15_T2,BB15,30,-0.001579,0.004676,0.001579,0.004676
BB15_T2,BB15,60,-0.002106,0.007856,0.002106,0.007856
BB15_T2,BB15,120,-0.000891,0.009331,0.000891,0.009331
BB15_T2,BB15,300,-0.001132,0.004113,0.001132,0.004113
BB15_T3,BB15,10,-0.000867,0.001798,0.000867,0.001798
BB15_T3,BB15,30,-0.001711,0.004866,0.001711,0.004866
BB15_T3,BB15,60,-0.002121,0.007954,0.002121,0.007954
BB15_T3,BB15,120,-0.000861,0.009402,0.000861,0.009402
BB15_T3,BB15,300,-0.001194,0.004084,0.001194,0.004084
BB15_T4,BB15,10,-0.000917,0.001924,0.000917,0.001924
BB15_T4,BB15,30,-0.001755,0.004938,0.001755,0.004938
BB15_T4,BB15,60,-0.002068,0.00804,0.002068,0.00804
BB15_T4,BB15,120,-0.000804,0.009477,0.000804,0.009477
BB15_T4,BB15,300,-0.001272,0.004058,0.001272,0.004058
BB15_T5,BB15,10,-0.000936,0.00196,0.000936,0.00196
BB15_T5,BB15,30,-0.001765,0.004931,0.001765,0.004931
BB15_T5,BB15,60,-0.002023,0.008085,0.002023,0.008085
BB15_T5,BB15,120,-0.000807,0.009515,0.000807,0.009515
BB15_T5,BB15,300,-0.001322,0.004036,0.001322,0.004036
BB15_T6,BB15,10,-0.000945,0.001985,0.000945,0.001985
BB15_T6,BB15,30,-0.001761,0.004934,0.001761,0.004934
BB15_T6,BB15,60,-0.001993,0.008123,0.001993,0.008123
BB15_T6,BB15,120,-0.000843,0.009534,0.000843,0.009534
BB15_T6,BB15,300,-0.001327,0.00402,0.001327,0.00402
BB15_T7,BB15,10,-0.000927,0.002108,0.000927,0.002108
BB15_T7,BB15,30,-0.0017,0.004973,0.0017,0.004973
BB15_T7,BB15,60,-0.001898,0.00821,0.001898,0.00821
BB15_T7,BB15,120,-0.000876,0.009656,0.000876,0.009656
BB15_T7,BB15,300,-0.000754,0.004093,0.000754,0.004093
BB15_T8,BB15,10,-0.000768,0.002141,0.000768,0.002141
BB15_T8,BB15,30,-0.001403,0.004913,0.001403,0.004913
BB15_T8,BB15,60,-0.001468,0.008133,0.001468,0.008133
BB15_T8,BB15,120,-0.000268,0.009662,0.000268,0.009662
BB15_T8,BB15,300,0.00059,0.004106,0.00059,0.004106
BB15_T9,BB15,10,-0.000599,0.002163,0.000599,0.002163
BB15_T9,BB15,30,-0.001096,0.004893,0.001096,0.004893
BB15_T9,BB15,60,-0.001034,0.008157,0.001034,0.008157
BB15_T9,BB15,120,0.000344,0.009737,0.000344,0.009737
BB15_T9,BB15,300,0.001543,0.00409,0.001543,0.00409
BB15_T10,BB15,10,-0.000405,0.002179,0.000405,0.002179
BB15_T10,BB15,30,-0.000744,0.004877,0.000744,0.004877
BB15_T10,BB15,60,-0.000537,0.008187,0.000537,0.008187
BB15_T10,BB15,120,0.001032,0.009716,0.001032,0.009716
BB15_T10,BB15,300,0.002462,0.003963,0.002462,0.003963
BB15_T11,BB15,10,-0.000358,0.002176,0.000358,0.002176
BB15_T11,BB15,30,-0.000656,0.004861,0.000656,0.004861
BB15_T11,BB15,60,-0.000412,0.008179,0.000412,0.008179
BB15_T11,BB15,120,0.001202,0.009682,0.001202,0.009682
BB15_T11,BB15,300,0.002644,0.003897,0.002644,0.003897
BB15_T12,BB15,10,-0.000338,0.00209,0.000338,0.00209
BB15_T12,BB15,30,-0.000609,0.004751,0.000609,0.004751
BB15_T12,BB15,60,-0.00033,0.008108,0.00033,0.008108
BB15_T12,BB15,120,0.001297,0.009546,0.001297,0.009546
BB15_T12,BB15,300,0.002574,0.004026,0.002574,0.004026
BB16,BB16,10,0.000807,0.003241,0.000807,0.003241
BB16,BB16,30,0.001398,0.007661,0.001398,0.007661
BB16,BB16,60,0.002507,0.012564,0.002507,0.012564
BB16,BB16,120,0.005132,0.016266,0.005132,0.016266
BB16,BB16,300,0.009803,0.017286,0.009803,0.017286
BB17,BB17,10,0.000818,0.004104,0.000818,0.004104
BB17,BB17,30,0.001019,0.008428,0.001019,0.008428
BB17,BB17,60,0.001884,0.012712,0.001884,0.012712
BB17,BB17,120,0.004176,0.016324,0.004176,0.016324
BB17,BB17,300,0.006281,0.01977,0.006281,0.01977
BB18,BB18,10,0.000673,0.001312,0.000673,0.001312
BB18,BB18,30,0.001664,0.004568,0.001664,0.004568
BB18,BB18,60,0.002914,0.010238,0.002914,0.010238
BB18,BB18,120,0.005566,0.013803,0.005566,0.013803
BB18,BB18,300,0.012748,0.011687,0.012748,0.011687
BB19,BB19,10,0.000777,0.004773,0.000777,0.004773
BB19,BB19,30,0.000699,0.009029,0.000699,0.009029
BB19,BB19,60,0.001346,0.012881,0.001346,0.012881
BB19,BB19,120,0.003274,0.015839,0.003274,0.015839
BB19,BB19,300,0.003502,0.019994,0.003502,0.019994
BB20,BB20,10,0.000446,0.000738,0.000446,0.000738
BB20,BB20,30,0.001664,0.00356,0.001664,0.00356
BB20,BB20,60,0.002856,0.008994,0.002856,0.008994
BB20,BB20,120,0.005135,0.012173,0.005135,0.012173
BB20,BB20,300,0.013595,0.009559,0.013595,0.009559
BB21,BB21,10,0.000729,0.004952,0.000729,0.004952
BB21,BB21,30,0.000468,0.009271,0.000468,0.009271
BB21,BB21,60,0.000954,0.012777,0.000954,0.012777
BB21,BB21,120,0.002588,0.015644,0.002588,0.015644
BB21,BB21,300,0.001563,0.021145,0.001563,0.021145
BB22,BB22,10,0.000238,0.001136,0.000238,0.001136
BB22,BB22,30,0.00151,0.003386,0.00151,0.003386
BB22,BB22,60,0.002552,0.008121,0.002552,0.008121
BB22,BB22,120,0.004346,0.011727,0.004346,0.011727
BB22,BB22,300,0.012966,0.010283,0.012966,0.010283
BB23,BB23,10,0.003626,-0.019814,0.003626,0.019814
BB23,BB23,30,0.01276,-0.018653,0.01276,0.018653
BB23,BB23,60,0.003878,-0.0157,0.003878,0.0157
BB23,BB23,120,-0.000483,-0.013299,0.000483,0.013299
BB23,BB23,300,0.007022,-0.006943,0.007022,0.006943
BB24,BB24,10,0.007529,-0.016543,0.007529,0.016543
BB24,BB24,30,0.013959,-0.014411,0.013959,0.014411
BB24,BB24,60,0.002468,-0.01509,0.002468,0.01509
BB24,BB24,120,-0.000846,-0.012998,0.000846,0.012998
BB24,BB24,300,0.006952,-0.00664,0.006952,0.00664
BB25,BB25,10,-0.011706,-0.013412,0.011706,0.013412
BB25,BB25,30,-0.001353,-0.013572,0.001353,0.013572
BB25,BB25,60,0.005228,-0.004062,0.005228,0.004062
BB25,BB25,120,0.001061,-0.00357,0.001061,0.00357
BB25,BB25,300,0.001572,-0.00207,0.001572,0.00207
BB26,BB26,10,-0.002512,-0.002725,0.002512,0.002725
BB26,BB26,30,-0.004191,-0.002046,0.004191,0.002046
BB26,BB26,60,-0.006334,-0.002354,0.006334,0.002354
BB26,BB26,120,-0.007024,-0.005959,0.007024,0.005959
BB26,BB26,300,-0.012718,-0.01677,0.012718,0.01677
